movie_title,release_date,genre,mpaa_rating,total_gross,inflation_adjusted_gross,poster_url
Snow White and the Seven Dwarfs,1937-12-21,Musical,G,184925485,5228953251,https://image.tmdb.org/t/p/w200/3VAHfuNb6Z7UiW12iYKANSPBl8m.jpg
Pinocchio,1940-02-09,Adventure,G,84300000,2188229052,https://image.tmdb.org/t/p/w200/aN2Pa9FnbJA2g4mnHPCWajwtdQ4.jpg
Fantasia,1940-11-13,Musical,G,83320000,2187090808,https://image.tmdb.org/t/p/w200/5m9njnidjR0syG2gpVPVgcEMB2X.jpg
Song of the South,1946-11-12,Adventure,G,65000000,1078510579,https://image.tmdb.org/t/p/w200/lFlWpfcw8TCmZ88jw6e943vEbtu.jpg
Cinderella,1950-02-15,Drama,G,85000000,920608730,https://image.tmdb.org/t/p/w200/j91LJmcWo16CArFOoapsz84bwxb.jpg
"20,000 Leagues Under the Sea",1954-12-23,Adventure,,28200000,528279994,https://image.tmdb.org/t/p/w200/edY5eDCC08OUKjS0k7zWUxYM9BB.jpg
Lady and the Tramp,1955-06-22,Drama,G,93600000,1236035515,https://image.tmdb.org/t/p/w200/340NcWz9SQXWQyf4oicMxjbrLOb.jpg
Sleeping Beauty,1959-01-29,Drama,,9464608,21505832,https://image.tmdb.org/t/p/w200/n3pxoMDDxp10c1smgbDzW4bwlzq.jpg
101 Dalmatians,1961-01-25,Comedy,G,153000000,1362870985,https://image.tmdb.org/t/p/w200/8o2ADoAyG796UwTjwBFjPyBz0yG.jpg
The Absent Minded Professor,1961-03-16,Comedy,,25381407,310094574,https://image.tmdb.org/t/p/w200/gCnuDDqoyaBdeeItQ4BjKtYpzF6.jpg
Babes in Toyland,1961-12-14,Musical,G,10218316,124841160,https://image.tmdb.org/t/p/w200/pPNVXVQTCgdUiIiyxxYlTTqkgiZ.jpg
Bon Voyage!,1962-05-17,Comedy,Not Rated,9230769,109581646,https://image.tmdb.org/t/p/w200/tIORpNBODVvkgftEkv4xt0kWR3s.jpg
The Sword in the Stone,1963-12-25,Adventure,,22182353,153870834,https://image.tmdb.org/t/p/w200/7lyeeuhGAJSNXYEW34S8mJ1bwI8.jpg
The Jungle Book,1967-10-18,Musical,Not Rated,141843000,789612346,https://image.tmdb.org/t/p/w200/9BgcTVV43dZ8A1TpuXWkuNTXtfI.jpg
Blackbeard's Ghost,1968-02-08,Comedy,,21540050,138612686,https://image.tmdb.org/t/p/w200/bEMEjagTsdkUi7Jzxe0lQsquD7J.jpg
The Aristocats,1970-04-24,Musical,G,55675257,255161499,https://image.tmdb.org/t/p/w200/1BVOSmQUhphMgnTxnXyfQ9tL1Sc.jpg
The Boatniks,1970-07-01,Comedy,,18607492,101200742,https://image.tmdb.org/t/p/w200/lcLnRdk7BtdTSKGJPjzIYQRANs8.jpg
Bedknobs and Broomsticks,1971-10-07,Musical,,17871174,91305448,https://image.tmdb.org/t/p/w200/1BBzsThIZ06UmjZ3rChYGZhJtFQ.jpg
The Apple Dumpling Gang,1975-07-01,Comedy,,31916500,131246872,https://image.tmdb.org/t/p/w200/cSbRtW2rSpz6AxS4BwtunpFHma.jpg
Freaky Friday,1977-01-21,Comedy,,25942000,98067733,https://image.tmdb.org/t/p/w200/vQljMYQKVApQFXfTXKt9J8diVLG.jpg
The Many Adventures of Winnie the Pooh,1977-03-11,,,0,0,https://image.tmdb.org/t/p/w200/2xwaFVLv5geVrFd81eUttv7OutF.jpg
The Rescuers,1977-06-22,Adventure,,48775599,159743914,https://image.tmdb.org/t/p/w200/9jpDjrRyvv9Nw0piXOpHHQTfxw9.jpg
Herbie Goes to Monte Carlo,1977-06-24,,,28000000,105847527,https://image.tmdb.org/t/p/w200/4gMplOTJWAj1oNrv0QJG6SGhBNQ.jpg
The Black Hole,1979-12-21,,,35841901,120377374,https://image.tmdb.org/t/p/w200/9Y0uuPVDsE8AePwXg2gATWGFKxS.jpg
Midnight Madness,1980-02-08,,,2900000,9088096,https://image.tmdb.org/t/p/w200/n4WP23kmCYQ2VjcLgtgPRrQ7fxX.jpg
The Last Flight of Noah’s Ark,1980-06-25,,,11000000,34472116,https://image.tmdb.org/t/p/w200/f8fwghn06GmErA71Oepje1FaSBf.jpg
The Devil and Max Devlin,1981-01-01,,,16000000,48517980,https://image.tmdb.org/t/p/w200/b5XOONi82ThL4r5K20BKsWIhmi6.jpg
Amy,1981-03-20,Drama,,0,0,https://image.tmdb.org/t/p/w200/nCSMHZR94JyDCbjNxyxg0FIJZkY.jpg
The Fox and the Hound,1981-07-10,Comedy,,43899231,133118889,https://image.tmdb.org/t/p/w200/aC3k6XBaYnulGSkK8263ABjU3Md.jpg
Condorman,1981-08-07,Action,,0,0,https://image.tmdb.org/t/p/w200/wRe9kAvjN5IGAjPd0oCKhjyQDt0.jpg
Night Crossing,1982-02-05,Drama,,4500000,12903059,https://image.tmdb.org/t/p/w200/t0m54hI5yUK5lFJENP4yMoyrFfi.jpg
Tron,1982-07-09,Action,,26918576,77184895,https://image.tmdb.org/t/p/w200/zwSFEczP7AzqugAHHIX3zHniT0t.jpg
Tex,1982-11-19,Drama,,7199408,20643199,https://image.tmdb.org/t/p/w200/7WIIIZJ1iv2UCbYDiLHeGr1LOGV.jpg
Trenchcoat,1983-03-11,Comedy,,4304286,11519089,https://image.tmdb.org/t/p/w200/zqHQRT0TZkDaLgJerIyK6qhOmwg.jpg
Something Wicked This Way Comes,1983-04-29,Horror,,5656087,15136765,https://image.tmdb.org/t/p/w200/94dMO6kAawyFUk0sCDGIjAnchED.jpg
Never Cry Wolf,1983-10-07,Drama,,27668764,70669955,https://image.tmdb.org/t/p/w200/e61tGxVtobTQuFPmAC7xWwdC4O1.jpg
Running Brave,1983-11-04,Drama,,1204595,3223725,https://image.tmdb.org/t/p/w200/pcvTmz4ea0C1NiMt2my3FPgFgIg.jpg
Splash,1984-03-09,Comedy,PG,62599495,157057661,https://image.tmdb.org/t/p/w200/7FutTsMWBwVhjk1Ujf1wtndUVZh.jpg
Country,1984-09-29,Drama,,8400000,21075000,https://image.tmdb.org/t/p/w200/vPPlL0baImQtMQrvJflMz0qD0PM.jpg
Baby: Secret of the Lost Legend,1985-03-22,Adventure,,14276095,33900697,https://image.tmdb.org/t/p/w200/AvIT5XHXrxeNHxTHmyRalm7tfSM.jpg
Return to Oz,1985-06-21,Adventure,,10618813,25215934,https://image.tmdb.org/t/p/w200/7PfURFHpAQuWQVlAL9VFctRVgDA.jpg
The Black Cauldron,1985-07-24,Adventure,,21288692,50553142,https://image.tmdb.org/t/p/w200/ef11J5KGMp26kEzeg8ghAKeB65C.jpg
My Science Project,1985-08-09,Comedy,,4100000,9736051,https://image.tmdb.org/t/p/w200/pKPdD20G8fvlY6tFVjmJYdbgqQf.jpg
The Journey of Natty Gann,1985-09-27,Drama,,9468512,22302956,https://image.tmdb.org/t/p/w200/z2eHb3ih4k9zannMKn3wmVvYAis.jpg
One Magic Christmas,1985-11-22,Drama,,13229514,31415432,https://image.tmdb.org/t/p/w200/kiKa6GhHDPRLgo4VAFRmeMBrvdB.jpg
Down and Out in Beverly Hills,1986-01-31,Comedy,R,62134225,141183693,https://image.tmdb.org/t/p/w200/5bfbUsKcJD4HHFmlTcpHBI2wR2k.jpg
Off Beat,1986-04-11,Comedy,,4842778,11003932,https://image.tmdb.org/t/p/w200/nGkJpzuTBJH1AHnyDc0qYIxEK2z.jpg
Ruthless People,1986-06-27,Comedy,R,71624879,162748712,https://image.tmdb.org/t/p/w200/fA3f8bsXoVbIALq4EdiAwptF1ws.jpg
The Great Mouse Detective,1986-07-02,Adventure,,23605534,53637367,https://image.tmdb.org/t/p/w200/9uDr7vfjCFr39KGCcqrk44Cg7fQ.jpg
Flight of the Navigator,1986-07-30,Adventure,,18564613,42183197,https://image.tmdb.org/t/p/w200/tdRgQWMximj0tL6OWu9kRTtePmI.jpg
Tough Guys,1986-10-03,Comedy,,21458229,48758184,https://image.tmdb.org/t/p/w200/eDp0MPUSCeXrIziaZC65iUHISLs.jpg
The Color of Money,1986-10-17,Drama,R,52293000,117957323,https://image.tmdb.org/t/p/w200/dVdnHmdQu3JtLAAksjTmTEF76gD.jpg
Outrageous Fortune,1987-01-30,Comedy,R,52864741,113976921,https://image.tmdb.org/t/p/w200/bZdQaa9HymxGfjBo3mFhhpWXVeG.jpg
Tin Men,1987-03-06,Comedy,,25411386,54787202,https://image.tmdb.org/t/p/w200/5rWE9ft0Uc2kuDWlkg5vQth58XZ.jpg
Ernest Goes to Camp,1987-05-22,Comedy,,23509382,50686462,https://image.tmdb.org/t/p/w200/14GzgM3U2ABJ3h4ixhOkWpoQJAj.jpg
Benji the Hunted,1987-06-05,Adventure,,15212539,32798382,https://image.tmdb.org/t/p/w200/g4mlRGzUKCXfRDUJqSRPY0mKPMC.jpg
Adventures in Babysitting,1987-07-03,Comedy,,33790923,72853569,https://image.tmdb.org/t/p/w200/8QiAj0Xw2UMeZMIIfZKeNoIsszs.jpg
Stakeout,1987-08-05,Comedy,R,65673233,141592160,https://image.tmdb.org/t/p/w200/zclBzn3FBzF4i774z0mZjFQw66q.jpg
Can't Buy Me Love,1987-08-14,Romantic Comedy,,31623833,68181300,https://image.tmdb.org/t/p/w200/qK3yiqo84U3twOOKOx81c407Hpr.jpg
Hello Again,1987-11-06,Comedy,,20419446,44024529,https://image.tmdb.org/t/p/w200/mbNJ7Qe33XtN2aenO0ildCOpG0y.jpg
3 Men and a Baby,1987-11-25,Comedy,PG,167780960,353334607,https://image.tmdb.org/t/p/w200/oYetboAljWR2N5A7MU3i63DvUtd.jpg
Good Morning Vietnam,1987-12-23,Comedy,R,123922370,254414837,https://image.tmdb.org/t/p/w200/sreISlFUn5TyR41QNjlfAdX5SEW.jpg
Shoot to Kill,1988-02-12,Action,,29300000,60097074,
D.O.A.,1988-03-18,Thriller/Suspense,,12706478,26062188,https://image.tmdb.org/t/p/w200/zelnD4ZCB7lBHHOr9Tyw7cepjt9.jpg
Return to Snowy River,1988-04-15,Adventure,PG,13687027,28073384,https://image.tmdb.org/t/p/w200/6I94myoMi28trV8lxDq2DWhzLFe.jpg
Big Business,1988-06-10,Comedy,PG,40150487,82352451,
Who Framed Roger Rabbit?,1988-06-22,Comedy,PG,154112492,316250084,https://image.tmdb.org/t/p/w200/lYfRc57Kx9VgLZ48iulu0HKnM15.jpg
Cocktail,1988-07-29,Drama,R,78222753,160442289,https://image.tmdb.org/t/p/w200/jFRhEPhtsln9tDwzMdZN3OlhUob.jpg
The Rescue,1988-08-05,Action,,5855392,12009960,https://image.tmdb.org/t/p/w200/kC7fVtCkJACwPBaRr2hlj2whfKX.jpg
Heartbreak Hotel,1988-09-30,Comedy,,5509417,11300331,https://image.tmdb.org/t/p/w200/9FeHaHPHXsZZle8qAQWTJSGPOji.jpg
The Good Mother,1988-11-04,Drama,,4764606,9772655,https://image.tmdb.org/t/p/w200/whwxm3JUXNiGvqZWcRC6g6kAHm1.jpg
Ernest Saves Christmas,1988-11-11,Comedy,PG,28202109,57845202,https://image.tmdb.org/t/p/w200/4XYMlJg9sqM1e80pNb9lCK3oJ4v.jpg
Oliver & Company,1988-11-18,Adventure,G,49576671,102254492,https://image.tmdb.org/t/p/w200/nijsZeuINn0SnNb5cQVz2L4Yhps.jpg
Beaches,1988-12-21,Drama,PG-13,57041866,120381757,https://image.tmdb.org/t/p/w200/vol5TCGHDbi8r0yo0TrIGFiGxJ7.jpg
Three Fugitives,1989-01-27,Comedy,PG-13,40590000,85757817,https://image.tmdb.org/t/p/w200/qUNgtb0LEkRcHGanKHO0B3JWsw9.jpg
New York Stories,1989-03-01,Drama,PG,10763469,22740861,https://image.tmdb.org/t/p/w200/mViGEH5dfsAnUgJmce1RJkFycAi.jpg
Disorganized Crime,1989-04-14,Comedy,,7210149,15233465,https://image.tmdb.org/t/p/w200/rQHt9X3Q4NhDe6LotqUDiZme2l8.jpg
Dead Poets Society,1989-06-02,Drama,PG,95860116,202531517,https://image.tmdb.org/t/p/w200/erzbMlcNHOdx24AXOcn2ZKA7R1q.jpg
"Honey, I Shrunk the Kids",1989-06-23,Adventure,PG,130724172,276191669,https://image.tmdb.org/t/p/w200/omQOzahi2NIeiYznNxHFDvNbvo6.jpg
Turner & Hooch,1989-07-28,Comedy,PG,71079915,150176361,https://image.tmdb.org/t/p/w200/nllMNbjgvUpw378czm5vBYzZqg1.jpg
Cheetah,1989-08-18,Adventure,,7882250,16653473,https://image.tmdb.org/t/p/w200/9kGGhL61gHNesLycQecJ4CoCBZT.jpg
An Innocent Man,1989-10-06,Drama,R,19397847,40983414,https://image.tmdb.org/t/p/w200/fDgR7vq3fqtlo2w2wPN3pNXyDm5.jpg
Gross Anatomy,1989-10-20,Drama,PG-13,11346186,23972012,https://image.tmdb.org/t/p/w200/nYP7HFuHfy3QchskZiywbJAQ8a0.jpg
The Little Mermaid,1989-11-15,Adventure,G,111543479,223726012,https://image.tmdb.org/t/p/w200/bV7t2Np8VG1i7h6jvPz5ZPUdAVP.jpg
Blaze,1989-12-13,Drama,R,19049727,39884640,https://image.tmdb.org/t/p/w200/g3rMWJRP6rQO5qP9E6umeRq9hGA.jpg
Stella,1990-02-02,Drama,PG-13,20062347,40077147,https://image.tmdb.org/t/p/w200/arlOdto7Xj1GUPT41itgGJiXkEE.jpg
Where the Heart Is,1990-02-23,Comedy,,1106475,2210321,https://image.tmdb.org/t/p/w200/h8PBkTn6kDK9ZMCLj6jP6JnIBhY.jpg
Pretty Woman,1990-03-23,Romantic Comedy,R,178406268,356389765,https://image.tmdb.org/t/p/w200/dvcarc7TMrRp1C3jXPpn7PKce99.jpg
Ernest Goes to Jail,1990-04-06,Comedy,PG,25029569,49999822,https://image.tmdb.org/t/p/w200/w1k8SgODFQOk9wHjX4mi8QdkYAO.jpg
Spaced Invaders,1990-04-27,Comedy,PG,15000000,29964452,https://image.tmdb.org/t/p/w200/vchyoV7mnaUd46meVO81yolXH2D.jpg
Fire Birds,1990-05-24,Action,PG-13,14760451,29485923,https://image.tmdb.org/t/p/w200/ovFjMCmlA8Ox1ZYwVQVmWa9KbOp.jpg
Dick Tracy,1990-06-15,Action,PG,103738726,207231621,https://image.tmdb.org/t/p/w200/sjeP4bpgsUvAGE8oFcICy2GaHxw.jpg
Betsy's Wedding,1990-06-22,Comedy,R,19740070,39433357,https://image.tmdb.org/t/p/w200/qV2J2Fprk73ivclpL6JXPsBaCA5.jpg
Arachnophobia,1990-07-18,Thriller/Suspense,PG-13,53208180,106290270,https://image.tmdb.org/t/p/w200/lHjpwv1Yv2RcGcTQb4Lc1cKw1y9.jpg
DuckTales: The Movie - Treasure of th…,1990-08-03,Adventure,G,18075331,36107823,
Taking Care of Business,1990-08-17,Comedy,R,20005435,39963460,https://image.tmdb.org/t/p/w200/q3yEyOqJ5e3vAjK70qTnBMnmgYy.jpg
Mr. Destiny,1990-10-12,Comedy,PG-13,15379253,30722056,https://image.tmdb.org/t/p/w200/zlYxDFP9l1YcUnspNzuIa8KVo4N.jpg
The Rescuers Down Under,1990-11-16,Adventure,G,27931461,55796728,https://image.tmdb.org/t/p/w200/5koTDBmMAkJOgAe4PL4163UKjvG.jpg
3 Men and a Little Lady,1990-11-21,Comedy,PG,71609321,143108869,https://image.tmdb.org/t/p/w200/4VWWEnhX0zddRKwZWGtIdDcV5U7.jpg
Green Card,1990-12-25,Romantic Comedy,PG-13,29804169,59679131,https://image.tmdb.org/t/p/w200/9UweLsv3pCORu25Uq72m2IBkKaK.jpg
White Fang,1991-01-18,Adventure,PG,34729091,69540672,https://image.tmdb.org/t/p/w200/hbG8BWJApjiMdZ7dxLhyuoAdSMr.jpg
Scenes from a Mall,1991-02-22,Comedy,,9563393,19149495,https://image.tmdb.org/t/p/w200/roF5MQlNBFSV0K3s9ThBPIBglO5.jpg
Haakon Haakonsen,1991-03-01,Adventure,PG,15024232,30084149,https://image.tmdb.org/t/p/w200/b1taxayvlKB6Qiera4O6gM8SocT.jpg
The Marrying Man,1991-04-05,Romantic Comedy,R,12454768,24939118,https://image.tmdb.org/t/p/w200/nLER1ftW22IWFbz9GQy9lHAaDwG.jpg
Oscar,1991-04-26,Comedy,PG,23562716,47181395,https://image.tmdb.org/t/p/w200/uiocnO223BfA5aSiw2b6rYPWyPI.jpg
One Good Cop,1991-05-03,Action,R,11276846,22580472,https://image.tmdb.org/t/p/w200/iGhP7xi3Dm7dDgg7JbnQvTPBgYw.jpg
What About Bob?,1991-05-17,Comedy,PG,63710000,127571325,https://image.tmdb.org/t/p/w200/pFCrGGGhV5xeAdvEysv6aSv8T13.jpg
Wild Hearts Can't Be Broken,1991-05-24,Drama,,7300000,14617333,https://image.tmdb.org/t/p/w200/kY7KaiN3vh4g49Pn3ShM2ATnFVw.jpg
The Rocketeer,1991-06-21,Action,PG,46573027,93256673,https://image.tmdb.org/t/p/w200/2tDFRESFwKww1LHRE8W1Exj9edH.jpg
The Doctor,1991-07-24,Drama,PG-13,37497480,75084021,https://image.tmdb.org/t/p/w200/rExMpi701EIvEGu49FlOS8I0Kag.jpg
Paradise,1991-09-18,Drama,PG-13,18634643,37313540,https://image.tmdb.org/t/p/w200/vPWQ02RbO82ijIede7SYHcnhzoT.jpg
Deceived,1991-09-27,Thriller/Suspense,PG-13,28738096,57544453,https://image.tmdb.org/t/p/w200/y5g4m13npddtNOTE0nGkwZI34i3.jpg
Ernest Scared Stupid,1991-10-11,Comedy,PG,14143280,28320147,https://image.tmdb.org/t/p/w200/qnMtX8eKFFrJVEPZijFZqzDbckK.jpg
Billy Bathgate,1991-11-01,Drama,R,15565363,31167691,https://image.tmdb.org/t/p/w200/zDC0bY6IvGIf1SrDipLZJxR0Z2d.jpg
Beauty and the Beast,1991-11-13,Musical,G,218951625,363017667,https://image.tmdb.org/t/p/w200/hUJ0UvQ5tgE2Z9WpfuduVSdiCiU.jpg
Father of the Bride,1991-12-20,Comedy,PG,89325780,179821881,https://image.tmdb.org/t/p/w200/bU7HzJbJpY5OiLdqWhKSqGPtYii.jpg
The Hand That Rocks the Cradle,1992-01-10,Thriller/Suspense,R,88036683,178831137,https://image.tmdb.org/t/p/w200/uXqqFkLcMPORg3TsQbK4upozZXB.jpg
Medicine Man,1992-02-07,Drama,PG-13,44948240,91304495,https://image.tmdb.org/t/p/w200/lkHqtViTG4Zzh7i9rrtHJGTnEUg.jpg
Blame it on the Bellboy,1992-03-06,Comedy,PG-13,2891055,5872667,https://image.tmdb.org/t/p/w200/aGyu2UhON2s0J0YdTWsTUvsFJ4g.jpg
Noises Off...,1992-03-20,Comedy,PG-13,2280148,4631720,https://image.tmdb.org/t/p/w200/rGsYM6k0EUyViNdYngNsYwrVJns.jpg
Straight Talk,1992-04-03,Comedy,PG,21202099,43068356,https://image.tmdb.org/t/p/w200/fc9jSEvsnqdQ59Gt6mlIgb9rtto.jpg
Newsies,1992-04-08,,PG,2706352,5497481,https://image.tmdb.org/t/p/w200/3Gw7WM8xZ5xrJp1KniSbrbY9DMI.jpg
Passed Away,1992-04-24,,PG-13,4030793,8187848,https://image.tmdb.org/t/p/w200/kUBxt3YGBOg5Okpg6dUE7DBrRgR.jpg
Encino Man,1992-05-22,Comedy,PG,40057130,81369058,https://image.tmdb.org/t/p/w200/7OSo4K64Y2DQxbQOkOhlkPYdFPM.jpg
Sister Act,1992-05-29,Comedy,PG,139605150,283583472,https://image.tmdb.org/t/p/w200/xZvVSZ0RTxIjblLV87vs7ADM12m.jpg
Honey I Blew Up the Kid,1992-07-17,Comedy,PG,58662452,119162518,https://image.tmdb.org/t/p/w200/4EGqDo2pP2ZL0TCcYDGnwsU8liQ.jpg
A Stranger Among Us,1992-07-17,Drama,PG-13,12282994,24950752,https://image.tmdb.org/t/p/w200/t9V1cE3PzlK0syDD2HzrUiUpIRV.jpg
3 Ninjas,1992-08-07,Action,PG,29028000,58965304,https://image.tmdb.org/t/p/w200/kJjhmLG9eJWVZrKimZ6kCrQ0urF.jpg
A Gun in Betty Lou's Handbag,1992-08-21,,PG-13,3591460,7295423,https://image.tmdb.org/t/p/w200/gouuqyfzqjErBjMaXQaix2VNlyR.jpg
Captain Ron,1992-09-18,Comedy,PG-13,22518097,45741576,https://image.tmdb.org/t/p/w200/otnKFXvqFH2swlrNf2sNiXpnIsR.jpg
Sarafina!,1992-09-18,Drama,PG-13,7306242,14841352,https://image.tmdb.org/t/p/w200/i52368CunnMFEQIgPmGDKSPLcKx.jpg
Innocent Blood,1992-09-25,Horror,R,4877567,9907922,https://image.tmdb.org/t/p/w200/bloBdkHtAHSAJWa31Gls59z0xfb.jpg
The Mighty Ducks,1992-10-02,Comedy,PG,50752337,103120810,https://image.tmdb.org/t/p/w200/zxaCHxKDFNi6frh1Q0dj19L216o.jpg
1492: Conquest of Paradise,1992-10-09,Adventure,PG-13,7099531,14421454,https://image.tmdb.org/t/p/w200/3effmbI6BbGW9i0HzEDfVGuOsvz.jpg
Consenting Adults,1992-10-16,Drama,R,21591728,43859823,https://image.tmdb.org/t/p/w200/16H9mMevZFFZfnCgsE2fVe2HH51.jpg
Aladdin,1992-11-11,Comedy,G,217350219,441969178,https://image.tmdb.org/t/p/w200/ykUEbfpkf8d0w49pHh0AD2KrT52.jpg
The Distinguished Gentleman,1992-12-04,Comedy,R,46434570,94349900,https://image.tmdb.org/t/p/w200/ny722xPMhsY6JlRmQQjLZs7JP0S.jpg
The Muppet Christmas Carol,1992-12-11,Comedy,G,27281507,55417615,https://image.tmdb.org/t/p/w200/ssrV29QSVVJuemBHho0Qx7pFYak.jpg
Alive,1993-01-15,Adventure,R,36299670,73914543,https://image.tmdb.org/t/p/w200/5b8YKyhrj6RFdYefmJpaRCMkIwT.jpg
Aspen Extreme,1993-01-22,Romantic Comedy,PG-13,7843388,15970955,https://image.tmdb.org/t/p/w200/xGlmRiYDfOfipxmdCDLhXVcDfNV.jpg
Homeward Bound: The Incredible Journey,1993-02-03,Adventure,G,41833324,85182343,https://image.tmdb.org/t/p/w200/el6dJEpK97OJRQiQhuiSGk2jkV5.jpg
The Cemetery Club,1993-02-03,Comedy,PG-13,5583621,11369541,https://image.tmdb.org/t/p/w200/yWAA4NuA2fmkZQL3CEWRzPif6D7.jpg
Swing Kids,1993-03-05,Musical,PG-13,5632086,11468231,https://image.tmdb.org/t/p/w200/o85xTgX5ByDewuYo5yOLIsP02CX.jpg
A Far Off Place,1993-03-12,Adventure,PG,12890752,26248558,https://image.tmdb.org/t/p/w200/uVTs2cUYgeGkdiPoszBOjFXqvNd.jpg
Born Yesterday,1993-03-26,Romantic Comedy,PG,17760754,36165012,https://image.tmdb.org/t/p/w200/dUANBUEbVprsyEzRPe1mQFACr3n.jpg
The Adventures of Huck Finn,1993-04-02,Adventure,PG,24103594,49080505,https://image.tmdb.org/t/p/w200/8VpQZ43hdaTUmkMoe2CnED1Y2fS.jpg
Bound by Honor,1993-04-16,,R,4496583,9156084,https://image.tmdb.org/t/p/w200/gvP6R6juhe2IpCG7QGDgjyUvm0g.jpg
Indian Summer,1993-04-23,Comedy,R,14717851,29968953,https://image.tmdb.org/t/p/w200/3TsBrOGlDLd7S1hq348fOLJ4RNP.jpg
Super Mario Bros.,1993-05-28,Action,PG,20844907,42445058,https://image.tmdb.org/t/p/w200/qNBAXBIQlnOThrVvA6mA2B5ggV6.jpg
Guilty as Sin,1993-06-04,Thriller/Suspense,R,22622537,46064723,https://image.tmdb.org/t/p/w200/a5b53cYM23bUA7OyoNyDtIJ38kc.jpg
Life With Mikey,1993-06-04,Comedy,PG,12349549,25146538,https://image.tmdb.org/t/p/w200/dKsvF5t5xsm17HG3GJzQQGJpJzP.jpg
What's Love Got to Do With It,1993-06-09,Drama,R,39100956,79618610,https://image.tmdb.org/t/p/w200/vNAYuA26Wtf7VfzZEaxZQmJTE4Z.jpg
Son in Law,1993-07-02,Comedy,PG-13,25989889,52921433,https://image.tmdb.org/t/p/w200/gj4afHL9bMQ18opZzMp77tlPkAq.jpg
Hocus Pocus,1993-07-16,Comedy,PG,39360491,80147079,https://image.tmdb.org/t/p/w200/by4D4Q9NlUjFSEUA1yrxq6ksXmk.jpg
Another Stakeout,1993-07-23,Comedy,PG-13,20107504,40943541,https://image.tmdb.org/t/p/w200/hBItFUmCrRS1mel0TM69ymBD79k.jpg
My Boyfriend's Back,1993-08-06,,PG-13,3218882,6554384,https://image.tmdb.org/t/p/w200/euXyMbBT2QaxiYZf1jJrsa5yGon.jpg
Father Hood,1993-08-27,,PG-13,3268203,6654819,https://image.tmdb.org/t/p/w200/xHndTwPS3CNjct7aE20dBa6764e.jpg
The Joy Luck Club,1993-09-08,Drama,R,32790064,66768171,https://image.tmdb.org/t/p/w200/s1Sk0hhVARNs7i9wqRHqbCriu8n.jpg
Money for Nothing,1993-09-10,Comedy,R,1044824,2127496,https://image.tmdb.org/t/p/w200/fq09Jn9cZtj55l4peVKEe3Kem8O.jpg
The Program,1993-09-24,Action,R,23042200,46919256,https://image.tmdb.org/t/p/w200/vwOYJYXKyhRW8m2gewcMNlsRQhp.jpg
Cool Runnings,1993-10-01,Comedy,PG,68856263,140392731,https://image.tmdb.org/t/p/w200/6fXuGEb7EqGmAeUodxm7l5ELPZ.jpg
The Nightmare Before Christmas,1993-10-13,Musical,PG,50408318,100026637,https://image.tmdb.org/t/p/w200/oQffRNjK8e19rF7xVYEN8ew0j7b.jpg
The Three Musketeers,1993-11-12,Adventure,PG,53661805,109310377,https://image.tmdb.org/t/p/w200/mk8UH7JRmK8adcqJJpB1ygP7B1C.jpg
Sister Act 2 Back in the Habit,1993-12-10,Comedy,PG,57319029,116965668,https://image.tmdb.org/t/p/w200/2jmPYqep3r2eumauyTauNIhSmR7.jpg
Tombstone,1993-12-25,Western,R,56505065,115781734,https://image.tmdb.org/t/p/w200/wGFCvylul8iEQhJOKfwZGGvXMzA.jpg
The Air Up There,1994-01-07,Comedy,PG,20782439,42940186,https://image.tmdb.org/t/p/w200/lY1yhtg0DRaMTzclYCXo0sP1kAV.jpg
Cabin Boy,1994-01-07,Comedy,PG-13,3469493,7168577,https://image.tmdb.org/t/p/w200/xy2BzE3siqU67VQCQ2k4xideNNM.jpg
Iron Will,1994-01-14,Drama,PG,20623071,42610902,https://image.tmdb.org/t/p/w200/vYsSu7DdgU4yqbekTvAevrv6dSP.jpg
Red Rock West,1994-01-28,,R,2502551,5170709,https://image.tmdb.org/t/p/w200/ewofUEqU3Gpr7WSgSz3TEVPIfBg.jpg
Blank Check,1994-02-11,Comedy,PG,30573770,63170804,https://image.tmdb.org/t/p/w200/qhsH1BGqeCDHoogt5ebxOgERJGb.jpg
Angie,1994-03-04,Comedy,R,9252349,19116981,https://image.tmdb.org/t/p/w200/jknrNbLzW2uAKyLXd8x4ZSaLXp7.jpg
The Ref,1994-03-09,Comedy,R,11325885,23401275,https://image.tmdb.org/t/p/w200/ym7Kx3iDmalK8kXKvVQwnFYABEV.jpg
D2: The Mighty Ducks,1994-03-25,Comedy,PG,45604206,94226333,https://image.tmdb.org/t/p/w200/veGW1N6QUglP4osDdOUI6CZCcBI.jpg
Holy Matrimony,1994-04-08,Comedy,,713234,1473665,https://image.tmdb.org/t/p/w200/guuXfnxgXWPFrvgPbqySnujnjqb.jpg
White Fang 2: Myth of the White Wolf,1994-04-15,Adventure,PG,8752399,18083994,https://image.tmdb.org/t/p/w200/lZbgwbGutOF9goEyxeHmyLBDZII.jpg
The Inkwell,1994-04-22,Comedy,R,8864699,18316030,https://image.tmdb.org/t/p/w200/b5qUq9l6ci9KzzAqYhpdxzjY7qi.jpg
When a Man Loves a Woman,1994-04-29,Drama,R,50021959,103354194,https://image.tmdb.org/t/p/w200/cA1uMNX3sdWAWfMZbsgm1VIJYSY.jpg
3 Ninjas Kick Back,1994-05-06,Action,PG,11744960,24267154,https://image.tmdb.org/t/p/w200/kXuh3c0DyvqSGo0DBatoemBwEtz.jpg
Renaissance Man,1994-06-03,Comedy,PG-13,24172899,49945474,https://image.tmdb.org/t/p/w200/iPRtaSfN8gNWFclgrcg5oD3V41i.jpg
The Lion King,1994-06-15,Adventure,G,422780140,761640898,https://image.tmdb.org/t/p/w200/sKCr78MXSLixwmZ8DyJLrpMsd15.jpg
I Love Trouble,1994-06-29,Romantic Comedy,PG,30806194,63651027,https://image.tmdb.org/t/p/w200/2uyytK3XFRPFXoTchFDtsWiSujn.jpg
Angels in the Outfield,1994-07-15,Comedy,PG,50236831,103798152,https://image.tmdb.org/t/p/w200/7WRt6l7tiXVPG9zLco1rwy5Ffw9.jpg
In the Army Now,1994-08-12,Comedy,PG,28881266,59673787,https://image.tmdb.org/t/p/w200/2JgcEqfGE0yj0yQOzw1iufOg6yf.jpg
Color of Night,1994-08-19,Thriller/Suspense,R,19750470,40804816,https://image.tmdb.org/t/p/w200/w1OBPkf3BxeC7543YzFwiKIwBFJ.jpg
Camp Nowhere,1994-08-26,Comedy,PG,10442641,21576332,https://image.tmdb.org/t/p/w200/5DmempuEgWyHCu5lMVyICTRgZUp.jpg
It's Pat,1994-08-26,Comedy,,60822,125666,https://image.tmdb.org/t/p/w200/tydslMVgc6DpEvwYT0MWW9byL1a.jpg
A Simple Twist of Fate,1994-09-02,Drama,PG-13,3404935,7035189,https://image.tmdb.org/t/p/w200/2Jorj80Y4EVEAPDRVVdDXKSVUTw.jpg
Quiz Show,1994-09-14,Drama,PG-13,24787282,50840394,https://image.tmdb.org/t/p/w200/yoGJo1h3Hl2exXPVcG9UXWDENtX.jpg
Terminal Velocity,1994-09-23,Action,PG-13,16478900,34048315,https://image.tmdb.org/t/p/w200/r6H0J7uu9n6D6p5HoJz7jMD90eI.jpg
Ed Wood,1994-09-30,Comedy,R,5828466,12042634,https://image.tmdb.org/t/p/w200/jNao464ZTwWUWr3uJJ8swVgaKd9.jpg
The Puppet Masters,1994-10-21,Horror,R,8579626,17727017,https://image.tmdb.org/t/p/w200/8xJGom6fUqmVhJ7EWprZEHygUis.jpg
Squanto: A Warrior's Tale,1994-10-28,Drama,PG,3319344,6858345,https://image.tmdb.org/t/p/w200/1OQAT40mMFrIBe9ExBqG93DX13Z.jpg
The Santa Clause,1994-11-11,Comedy,PG,144833357,298369717,https://image.tmdb.org/t/p/w200/hvV2rI60qOYELT7tHHLpxtafnBZ.jpg
A Low Down Dirty Shame,1994-11-23,Action,R,29317886,60321919,https://image.tmdb.org/t/p/w200/v5XUfLrdoGfatObGXhqckYTNqFT.jpg
The Jungle Book,1994-12-25,Adventure,PG,44342956,88930321,https://image.tmdb.org/t/p/w200/9BgcTVV43dZ8A1TpuXWkuNTXtfI.jpg
Houseguest,1995-01-06,Comedy,PG,26325256,51016522,https://image.tmdb.org/t/p/w200/cdiHlZho11EEqD3aPanYe1rEYRB.jpg
Bad Company,1995-01-20,Thriller/Suspense,R,3523909,6829092,https://image.tmdb.org/t/p/w200/umu141mcfIEhRLgyQp7TWlGJFW.jpg
Miami Rhapsody,1995-01-27,Romantic Comedy,PG-13,5086578,9857435,https://image.tmdb.org/t/p/w200/joturqaJfAJ8XHPadT8kibgSpS4.jpg
The Jerky Boys,1995-02-03,Comedy,R,7555256,14641561,https://image.tmdb.org/t/p/w200/yUbdqyZaeaoNKBQmnmtim1IIAf1.jpg
Heavy Weights,1995-02-17,Comedy,PG,17671310,34245779,https://image.tmdb.org/t/p/w200/cHD1CIjDqJeMICQjemiKXrE4BKN.jpg
Man of the House,1995-03-03,Comedy,PG,40029009,77573459,https://image.tmdb.org/t/p/w200/anBhlqCABytNvybE2Xr3tvsCOTp.jpg
Roommates,1995-03-03,Comedy,PG,12076989,23404369,https://image.tmdb.org/t/p/w200/ww737E66JgONeNCSZVuGRy7TvXI.jpg
Tall Tale,1995-03-24,Western,PG,8247627,15983331,https://image.tmdb.org/t/p/w200/ktyEIT4p3Jlah2TH7JXhlw8WeAY.jpg
A Pyromaniac's Love Story,1995-03-28,Romantic Comedy,PG,468240,907414,https://image.tmdb.org/t/p/w200/tjhmiAVkxl1EHkE9o6C93yKQdJ1.jpg
Jefferson in Paris,1995-03-31,Drama,PG-13,2461628,4770461,https://image.tmdb.org/t/p/w200/vcZCvsm920LoNDb7pMibJkxIE4n.jpg
Funny Bones,1995-03-31,Comedy,R,529135,1025425,https://image.tmdb.org/t/p/w200/yGY053q9WlgaZzji50ZHK3p8VIy.jpg
A Goofy Movie,1995-04-07,Comedy,G,35336439,68479579,https://image.tmdb.org/t/p/w200/bycmMhO3iIoEDzP768sUjq2RV4T.jpg
While You Were Sleeping,1995-04-21,Romantic Comedy,PG,81057016,157082900,https://image.tmdb.org/t/p/w200/qNGO3ETcNwlWqK2kNRpbJSJRlos.jpg
Crimson Tide,1995-05-12,Action,R,91387195,177102077,https://image.tmdb.org/t/p/w200/iqjxWP0sCqIZ6M4fMpWOh8uUHHC.jpg
Mad Love,1995-05-26,Drama,PG-13,15446532,29934306,https://image.tmdb.org/t/p/w200/glhctWoYw1jg8z0FUSwFD4UTNi4.jpg
Pocahontas,1995-06-10,Adventure,G,141579773,274370957,https://image.tmdb.org/t/p/w200/kZ1ft0QZ4e3zDUPMBftEkwI9ftd.jpg
Judge Dredd,1995-06-30,Action,R,34687912,67222776,https://image.tmdb.org/t/p/w200/cfSnKn8NDU3m8UxihjVcYprA0Aq.jpg
Operation Dumbo Drop,1995-07-28,Adventure,PG,24670346,47809421,https://image.tmdb.org/t/p/w200/qIJlpbMCKg9O1C7gaiyDFaUWf9b.jpg
Dangerous Minds,1995-08-11,Drama,R,84919401,164552293,https://image.tmdb.org/t/p/w200/yWHWC8fJRp2kLgiFrEa8o3krOH9.jpg
A Kid in King Arthur's Court,1995-08-11,Adventure,PG,13406717,25981285,https://image.tmdb.org/t/p/w200/eAP9rYEPeSjPxsAc8XtMccEzXpI.jpg
The Tie That Binds,1995-09-08,Thriller/Suspense,R,5762795,11167895,https://image.tmdb.org/t/p/w200/xwrY46PITbSoCiKm9gTnDWP47Kh.jpg
Unstrung Heroes,1995-09-15,Drama,PG,7929000,15365850,https://image.tmdb.org/t/p/w200/twnqc80AL55WYnCVz4nMGEGcL7.jpg
The Big Green,1995-09-29,Comedy,PG,17736619,34372339,https://image.tmdb.org/t/p/w200/nVHqIuBTcTLmAIrML7T704UwfNI.jpg
Dead Presidents,1995-10-04,Drama,R,24120194,46741467,https://image.tmdb.org/t/p/w200/j52Ov2mUjGcT5dyNlwRfhjg5sqS.jpg
The Scarlet Letter,1995-10-13,Drama,R,10359006,20075033,https://image.tmdb.org/t/p/w200/8gIU7O3oV6NyWUjlL6ppbpnIZLW.jpg
Feast of July,1995-10-13,Drama,R,293274,568342,https://image.tmdb.org/t/p/w200/inUPybROcLlzdG4EQeDIShfFjsD.jpg
Powder,1995-10-27,Drama,PG-13,30833914,59727216,https://image.tmdb.org/t/p/w200/aQSA63T7zyzZxBZxr2MQaxt1gtO.jpg
Toy Story,1995-11-22,Adventure,G,191796233,370409631,https://image.tmdb.org/t/p/w200/uXDfjJbdP4ijW5hWSBrPrlKpxab.jpg
Father of the Bride Part II,1995-12-08,Comedy,PG,76578911,147658438,https://image.tmdb.org/t/p/w200/rj4LBtwQ0uGrpBnCELr716Qo3mw.jpg
Nixon,1995-12-20,Drama,R,13668249,26302005,https://image.tmdb.org/t/p/w200/cz2MTGr2wpDZLirgV2rGHBdA2t3.jpg
Tom and Huck,1995-12-22,Adventure,PG,23837227,45911517,https://image.tmdb.org/t/p/w200/bMY31ikEOIPOHqQwhPhII8UVBln.jpg
Mr. Holland's Opus,1995-12-29,Drama,PG,82582604,157508868,https://image.tmdb.org/t/p/w200/kBmwWeSN3ajnYHZ3dSybEobxEPI.jpg
White Squall,1996-02-02,Adventure,PG-13,10229300,19509726,https://image.tmdb.org/t/p/w200/muhTVa52IufjTaqNseXFQUAEuyG.jpg
Muppet Treasure Island,1996-02-16,Adventure,G,34327391,65470567,https://image.tmdb.org/t/p/w200/ifGLSfxgl08jXFItoxZgviC1QXi.jpg
Mr. Wrong,1996-02-16,Romantic Comedy,PG-13,12805071,24422334,https://image.tmdb.org/t/p/w200/csSkKS6rcGjG8jjpwKZPVCD7Kiq.jpg
Before and After,1996-02-23,Drama,PG-13,8642118,16482589,https://image.tmdb.org/t/p/w200/oK8UKDrjFS14OFoihaQPfmmMOyI.jpg
Up Close & Personal,1996-03-01,Drama,PG-13,51045801,97356578,https://image.tmdb.org/t/p/w200/zF67qcf7skMHLpXnifodinUqCFr.jpg
Homeward Bound II: Lost in San Franc…,1996-03-08,Adventure,G,32709423,62384706,
Two Much,1996-03-15,Romantic Comedy,PG-13,1078555,2057055,https://image.tmdb.org/t/p/w200/65WB70Jhi3G2c5C41PyL5pl9L9p.jpg
Un indien dans la ville,1996-03-22,Comedy,PG,1029731,1963937,https://image.tmdb.org/t/p/w200/nUFHWv42GRJcjLTQa5IYBEuVzmK.jpg
James and the Giant Peach,1996-04-12,Adventure,PG,28921264,55159783,https://image.tmdb.org/t/p/w200/qUjArAMcCt2S3QJBb9CgVQu1MXs.jpg
Celtic Pride,1996-04-19,Comedy,PG-13,9240378,17623615,https://image.tmdb.org/t/p/w200/5P3p9I2ADnTbBdIAl4ZUeUXGuIi.jpg
Last Dance,1996-05-03,Drama,R,5857534,11171714,https://image.tmdb.org/t/p/w200/ewmVQpRYrYvQ5aetm4SDkMqIfPY.jpg
Boys,1996-05-10,Drama,PG-13,21930418,41826566,https://image.tmdb.org/t/p/w200/kxpLUlvqptToQbLZJbQ7YO4MUAe.jpg
Spy Hard,1996-05-24,Comedy,PG-13,26936265,51373912,https://image.tmdb.org/t/p/w200/yoegp9XEG4YCbJJKR0wvm0BGYpG.jpg
Eddie,1996-05-31,Comedy,PG-13,31369401,59828966,https://image.tmdb.org/t/p/w200/qIJ4PU6WifgRs8RpiN3LkNYjzlS.jpg
The Rock,1996-06-07,Action,R,134069511,255702705,https://image.tmdb.org/t/p/w200/j5mxLNWjUlXUUk8weFBtnF4afIR.jpg
The Hunchback of Notre Dame,1996-06-21,Adventure,G,100138851,190988799,https://image.tmdb.org/t/p/w200/7k0fr2xLCTChjN8MnGNThTP9uEB.jpg
Phenomenon,1996-07-05,Drama,PG,104636382,199559799,https://image.tmdb.org/t/p/w200/roUYK9EXmgyDO48Qje7rZI4Qgav.jpg
Kazaam,1996-07-17,Comedy,PG,18880508,36009655,https://image.tmdb.org/t/p/w200/k6kXq27UVxf7zGCWSvygYYIp9eP.jpg
Jack,1996-08-09,Drama,PG-13,58617334,111792852,https://image.tmdb.org/t/p/w200/9W6UI8UQ4YdLCAaPFd0lcKJ1tX4.jpg
First Kid,1996-08-30,Comedy,PG,26465920,50465108,https://image.tmdb.org/t/p/w200/t7yTkuXQpnougXmRIqgfT32axZi.jpg
The Rich Man's Wife,1996-09-13,Thriller/Suspense,R,8538318,16284619,https://image.tmdb.org/t/p/w200/uE7BXhR6QkSGCIK6gTPGfFRAggY.jpg
D3: The Mighty Ducks,1996-10-04,Comedy,PG,22936273,43713554,https://image.tmdb.org/t/p/w200/wltMr1loUKSCaEV4EDgh21eCRI3.jpg
The Associate,1996-10-25,Comedy,PG-13,12772657,24333094,https://image.tmdb.org/t/p/w200/sDGc4JqVf4n04cEO0rU36UI4cvK.jpg
Ransom,1996-11-08,Action,R,136492681,259807820,https://image.tmdb.org/t/p/w200/4nmOA5ZOY2VlHzwSlKY03sF2JUz.jpg
The War at Home,1996-11-20,,R,34368,65543,https://image.tmdb.org/t/p/w200/la11ac7YYCDBsizOkKxqwn71VKQ.jpg
101 Dalmatians,1996-11-27,Comedy,G,136189294,258728898,https://image.tmdb.org/t/p/w200/8o2ADoAyG796UwTjwBFjPyBz0yG.jpg
The Preacher's Wife,1996-12-13,Drama,PG,48102795,91076877,https://image.tmdb.org/t/p/w200/z1mU4g9poAgoDQRNLcfNdj3iiMs.jpg
Evita,1996-12-25,Musical,PG,50047179,92077628,https://image.tmdb.org/t/p/w200/hkcSlu3PMw0WyC9vHlvML6nK3Id.jpg
Metro,1997-01-17,Action,R,32017895,58804106,https://image.tmdb.org/t/p/w200/nvfyHYv1EDpYai5pCGqBeRf3tax.jpg
Prefontaine,1997-01-24,Drama,PG-13,590817,1085093,https://image.tmdb.org/t/p/w200/3jtG9mgfiZRTRQf19BiUAY6QPN3.jpg
Shadow Conspiracy,1997-01-31,Thriller/Suspense,R,2154540,3957025,https://image.tmdb.org/t/p/w200/m8dgxxCrpLhKjkjH2DPxkz0inoJ.jpg
That Darn Cat,1997-02-14,Comedy,PG,18301828,33613158,https://image.tmdb.org/t/p/w200/by92HEWg2d4WrkgbUIPEA0ufsHI.jpg
Jungle 2 Jungle,1997-03-07,Comedy,PG,59925026,110058379,https://image.tmdb.org/t/p/w200/xRKfvheWRfkirm0kzdBAydUjiK5.jpg
The Sixth Man,1997-03-28,Comedy,PG-13,14765099,27117599,https://image.tmdb.org/t/p/w200/c08PAB0kWE38zrOGl376D9qqdEc.jpg
Grosse Pointe Blank,1997-04-11,Black Comedy,R,28084357,51579764,https://image.tmdb.org/t/p/w200/7lQ0MSNQqBTYpXTTZL82u1n95Z3.jpg
Romy and Michele's High School Reunion,1997-04-25,Comedy,R,29235353,53693680,https://image.tmdb.org/t/p/w200/yLxgglhaP2QfWVZTdrv7mZgvuHL.jpg
Gone Fishin',1997-05-30,Comedy,PG,19745922,36265379,https://image.tmdb.org/t/p/w200/lGRHE7s2iGgJ0JNO9gxm8BJKelt.jpg
Con Air,1997-06-06,Action,R,101117573,185712664,https://image.tmdb.org/t/p/w200/kOKjgrEzGOP92rVQ6srA9jtp60l.jpg
Hercules,1997-06-13,Adventure,G,99112101,182029412,https://image.tmdb.org/t/p/w200/dK9rNoC97tgX3xXg5zdxFisdfcp.jpg
George Of The Jungle,1997-07-16,Comedy,PG,105263257,193326632,https://image.tmdb.org/t/p/w200/lWp8hUqE4oLPxsYgilXoYoVThfU.jpg
Nothing To Lose,1997-07-18,Comedy,R,44480039,81692095,https://image.tmdb.org/t/p/w200/5al8I28ufKJDxGWDcNGw6xCkZHH.jpg
Air Bud,1997-08-01,Comedy,PG,24646936,45266588,https://image.tmdb.org/t/p/w200/kDfzh6QdX2tseTwwyB7lp2RP7iE.jpg
G.I. Jane,1997-08-22,Drama,R,48169156,88467531,https://image.tmdb.org/t/p/w200/6yBgZJYqaR4XkxwjsB9tS4GK1ZN.jpg
A Thousand Acres,1997-09-19,Drama,R,7928412,14561324,https://image.tmdb.org/t/p/w200/p7tsW4oUi7hHbpNtFZdMQEBj42g.jpg
Washington Square,1997-10-05,Drama,PG,1775644,3257546,https://image.tmdb.org/t/p/w200/3LIn7bskDwsmyxMWTNWRIPSCm2X.jpg
Rocket Man,1997-10-10,Comedy,PG,15448043,28371890,https://image.tmdb.org/t/p/w200/a9jOZOlVqGeU21BlvD1xxngvXSo.jpg
Playing God,1997-10-17,Thriller/Suspense,R,4166918,7652965,https://image.tmdb.org/t/p/w200/5eXtK7BQMAYVktjVf78s0scMTdX.jpg
Flubber,1997-11-26,Comedy,PG,92993801,170406423,https://image.tmdb.org/t/p/w200/bnKvk04icAyCO1KjqhsaEXBO9aJ.jpg
An American Werewolf in Paris,1997-12-25,Horror,R,26570463,48546161,https://image.tmdb.org/t/p/w200/1NUOprbP7LLfKPArLJY7wziUiHT.jpg
Mr. Magoo,1997-12-25,Comedy,PG,21437192,39145784,https://image.tmdb.org/t/p/w200/po5CfSBmmATuCNIt7M1G7xOPuUK.jpg
Kundun,1997-12-25,Drama,PG-13,5686694,10236836,https://image.tmdb.org/t/p/w200/yvdFRDoQIQ5PBk4u8x8gJT8NJAw.jpg
Deep Rising,1998-01-30,Action,R,11203026,20136775,https://image.tmdb.org/t/p/w200/A1nOnrAlG3EbOvzgZt2ya11OmjQ.jpg
Krippendorf's Tribe,1998-02-27,Comedy,PG-13,7571115,13608633,https://image.tmdb.org/t/p/w200/5mmGI4O1gWYrwpPQ22hgHu9PkIv.jpg
An Alan Smithee Film: Burn Hollywood …,1998-02-27,Comedy,R,45779,82277,https://image.tmdb.org/t/p/w200/KSGv5uV6SJS7mUMlttvLfWA6Lv.jpg
Meet the Deedles,1998-03-27,Comedy,PG,4356126,7829877,https://image.tmdb.org/t/p/w200/Pd5FPSOjfWmLwrpdKVMznCW9Iw.jpg
He Got Game,1998-05-01,Drama,R,21567853,38766948,https://image.tmdb.org/t/p/w200/kd8hRaysUQOz7AvSorZDJHuihcJ.jpg
The Horse Whisperer,1998-05-15,Drama,PG-13,75383563,135497531,https://image.tmdb.org/t/p/w200/ptkDeHY2mRJVyNRyxb9TgyAjTYs.jpg
"Six Days, Seven Nights",1998-06-12,Romantic Comedy,PG-13,74339294,133620516,https://image.tmdb.org/t/p/w200/fzWrrCzRa16v51TXAUuT6Wendw7.jpg
Mulan,1998-06-19,Adventure,G,120620254,216807832,https://image.tmdb.org/t/p/w200/bj3iSjLlkwHtJrPmvHXa8P7edI9.jpg
Armageddon,1998-07-01,Adventure,PG-13,201578182,362324957,https://image.tmdb.org/t/p/w200/eTM3qtGhDU8cvjpoa6KEt5E2auU.jpg
Jane Austen's Mafia,1998-07-24,Comedy,PG-13,19843795,35668055,https://image.tmdb.org/t/p/w200/gGgirOcInrfjWgemKMjvZc3fGtU.jpg
The Parent Trap,1998-07-29,Comedy,PG,66308518,119185667,https://image.tmdb.org/t/p/w200/dNqgjqxHIdfsQRQL5XTujNfX9pj.jpg
Firelight,1998-09-04,Drama,R,784419,1409943,https://image.tmdb.org/t/p/w200/hkgSUgPdOehzyGjczoytG3bzNaW.jpg
Simon Birch,1998-09-11,Drama,PG,18253415,32809442,https://image.tmdb.org/t/p/w200/vRJcV9l3tLFoUWZel9RikS3nfJ6.jpg
Holy Man,1998-10-09,Comedy,PG,12069719,21694605,https://image.tmdb.org/t/p/w200/sfJBsOdSbgLLarO6GIS0dWzFcCv.jpg
Beloved,1998-10-16,Drama,R,22852487,41062682,https://image.tmdb.org/t/p/w200/mYhMospJcNFJFAZWkfepwBRvxcJ.jpg
The Waterboy,1998-11-06,Comedy,PG-13,161491646,288691833,https://image.tmdb.org/t/p/w200/miT42qWYC4D0n2mXNzJ9VfhheWW.jpg
I'll Be Home For Christmas,1998-11-13,Comedy,PG,12214338,21941840,https://image.tmdb.org/t/p/w200/kxQYc5YdHmfqZC4Q0pauIKEnKHk.jpg
A Bug's Life,1998-11-20,Adventure,G,162798565,288981698,https://image.tmdb.org/t/p/w200/Ah3J9OJVc2CNCuH2zMydXy9fmIC.jpg
Enemy of the State,1998-11-20,Action,R,111549836,198472008,https://image.tmdb.org/t/p/w200/x9pXrMKLsBGGOFyyZ0Gwt9YpVub.jpg
Rushmore,1998-12-11,Black Comedy,R,17105219,28392518,https://image.tmdb.org/t/p/w200/hSJ6swahAuZ8wM96lHDTwQPXUvZ.jpg
A Civil Action,1998-12-25,Drama,PG-13,56709981,94139530,https://image.tmdb.org/t/p/w200/2AVF1cjRGOfaB4oteSzxvHiQ3hR.jpg
Mighty Joe Young,1998-12-25,Adventure,PG,50632037,87906042,https://image.tmdb.org/t/p/w200/93oAWBl6UIEmeknmRKbUkVq4cKl.jpg
My Favorite Martian,1999-02-12,Comedy,PG,36850101,61150849,https://image.tmdb.org/t/p/w200/pOp4xriDEFUy2uN0BfnHJcjzqWt.jpg
The Other Sister,1999-02-26,Romantic Comedy,PG-13,27807627,46145331,https://image.tmdb.org/t/p/w200/4rBrYRkB7btGex5Bs0yOpqBZgsR.jpg
Doug's 1st Movie,1999-03-26,Adventure,G,19421271,32228598,https://image.tmdb.org/t/p/w200/hZduJdSSWCkmvnBpNyRaIszubVm.jpg
Ten Things I Hate About You,1999-03-31,Romantic Comedy,PG-13,38177966,63354375,https://image.tmdb.org/t/p/w200/ujERk3aKABXU3NDXOAxEQYTHe9A.jpg
Endurance,1999-05-14,,PG,229128,380218,https://image.tmdb.org/t/p/w200/7LPRuJ7pSxUB559ac8SS5mdElz8.jpg
Instinct,1999-06-04,Drama,R,34105207,56595842,https://image.tmdb.org/t/p/w200/8EKmzia6awjsqFxgBk5a82aTmb6.jpg
Tarzan,1999-06-16,Adventure,G,171091819,283900254,https://image.tmdb.org/t/p/w200/bTvHlcqiOjGa3lFtbrTLTM3zasY.jpg
Summer of Sam,1999-07-02,Drama,R,19288130,32007656,https://image.tmdb.org/t/p/w200/yvGGA2CbT6xyFVTZUA9f2ok0q5V.jpg
Inspector Gadget,1999-07-23,Comedy,PG,97387965,161610341,https://image.tmdb.org/t/p/w200/dDcsv1Lql5aM6H4JYfDHjBAXKgT.jpg
The Sixth Sense,1999-08-06,Thriller/Suspense,PG-13,293506292,485424724,https://image.tmdb.org/t/p/w200/vOyfUXNFSnaTk7Vk5AjpsKTUWsu.jpg
The 13th Warrior,1999-08-27,Action,R,32698899,54262148,https://image.tmdb.org/t/p/w200/pj1IQQ7ajwaOrjjTCxyM1L4mSnX.jpg
Breakfast of Champions,1999-09-17,Comedy,R,178287,295851,https://image.tmdb.org/t/p/w200/5uNVeZNt7qxDWLJAZ0PER03WtKE.jpg
Mumford,1999-09-24,Comedy,R,4559569,7566363,https://image.tmdb.org/t/p/w200/a2uqenG3BZICDrcrr49IZwoHA8Y.jpg
"Mystery, Alaska",1999-10-01,Comedy,R,8891623,14755189,https://image.tmdb.org/t/p/w200/bmg4sjOQswcrP5mPL9YzNom9cXx.jpg
The Straight Story,1999-10-15,Drama,G,6197866,10111144,https://image.tmdb.org/t/p/w200/tT9cMiVDdtlcdZxOoFy3VRmEoKk.jpg
The Insider,1999-11-05,Drama,R,28965197,47794214,https://image.tmdb.org/t/p/w200/jJCyIBPfvk41uETq6K6u4upyGO8.jpg
Toy Story 2,1999-11-19,Adventure,G,245852179,404450426,https://image.tmdb.org/t/p/w200/hxLVh4inApNMzy3KHWelzkycivj.jpg
Cradle Will Rock,1999-12-08,Drama,R,2899970,4609153,https://image.tmdb.org/t/p/w200/d8LJWY8kaAIlfMiQLOGglL8VqVT.jpg
Deuce Bigalow: Male Gigolo,1999-12-10,Comedy,R,65535067,106921374,https://image.tmdb.org/t/p/w200/w0UKAcY4fAPuQW2GhAoIMwutIA5.jpg
Bicentennial Man,1999-12-17,Drama,PG,58220776,94838225,https://image.tmdb.org/t/p/w200/wrs23eO0VEWwOQpXoOasMnlW9Y4.jpg
Play it to the Bone,1999-12-24,Comedy,R,8427204,13180524,https://image.tmdb.org/t/p/w200/qSJl8pD17doJsAkou5mPvDogBQT.jpg
Fantasia 2000 (IMAX),2000-01-01,Musical,G,60507228,94852354,
Gun Shy,2000-02-04,Comedy,R,1638202,2562155,https://image.tmdb.org/t/p/w200/ugzaRtgrf2MBCUawgiE6xayXXIE.jpg
The Tigger Movie,2000-02-11,Adventure,G,45542421,71228678,https://image.tmdb.org/t/p/w200/9OdZKUdGfaBAUwRLbtWpFWKbILO.jpg
Mission to Mars,2000-03-10,Adventure,PG,60874615,95208344,https://image.tmdb.org/t/p/w200/cTKWoBpN5Gvi0vpMb9mLtYlwXqT.jpg
High Fidelity,2000-03-31,Comedy,R,27277055,42661516,https://image.tmdb.org/t/p/w200/e2LZGB62GMhv3Fo8tDZjY87I81a.jpg
Keeping the Faith,2000-04-14,Romantic Comedy,PG-13,37036404,57925202,https://image.tmdb.org/t/p/w200/9NF199FTvHr9ggqdBTVbPhF1MGk.jpg
Dinosaur,2000-05-19,Adventure,PG,137748063,215438985,https://image.tmdb.org/t/p/w200/rSje3FS7ycJSglowlngjsvDt7vO.jpg
Shanghai Noon,2000-05-26,Western,PG-13,56932305,89042541,https://image.tmdb.org/t/p/w200/b0WwWRcDiDahkah5vZ0KjB4N9ZZ.jpg
Gone in 60 Seconds,2000-06-09,Action,PG-13,101643008,158970411,https://image.tmdb.org/t/p/w200/4Fvmm9XhV5BUCfBjlX3S3DRPrmf.jpg
Fantasia 2000 (Theatrical Release),2000-06-16,Musical,G,9103630,14238144,
The Kid,2000-07-07,Comedy,PG,69688384,108993148,https://image.tmdb.org/t/p/w200/nKuquL5Xs0yCvBuPQnAw6zC89Wy.jpg
Coyote Ugly,2000-08-04,Drama,PG-13,60786269,95070168,https://image.tmdb.org/t/p/w200/xYM0laKrEqjiRSQNvqRrXPXN3iL.jpg
The Crew,2000-08-25,Comedy,PG-13,13019253,20362201,https://image.tmdb.org/t/p/w200/kdQOz5enVVz113zZQcuoqh3oACy.jpg
Duets,2000-09-15,Drama,R,4734235,7404372,https://image.tmdb.org/t/p/w200/7NJAHYSeLr16cngz8f0BADQ3yIe.jpg
Remember the Titans,2000-09-29,Drama,PG,115654751,180742479,https://image.tmdb.org/t/p/w200/825ohvC4wZ3gCuncCaqkWeQnK8h.jpg
Unbreakable,2000-11-22,Thriller/Suspense,PG-13,94999143,148208901,https://image.tmdb.org/t/p/w200/mLuehrGLiK5zFCyRmDDOH6gbfPf.jpg
102 Dalmatians,2000-11-22,Comedy,G,66941559,104055039,https://image.tmdb.org/t/p/w200/ueE6u2GTECzGBtas6PFx7wwi9y0.jpg
The Emperor's New Groove,2000-12-15,Adventure,G,89296573,136789252,https://image.tmdb.org/t/p/w200/wwbgkXQBEKtnyIJapk6gUgWkVw8.jpg
"O Brother, Where Art Thou?",2000-12-22,Comedy,PG-13,45506619,67922002,https://image.tmdb.org/t/p/w200/s9foMAcLg8GEzzQzer04qOGdD1k.jpg
Double Take,2001-01-12,Action,PG-13,29823162,44418589,https://image.tmdb.org/t/p/w200/gNyudcF4Z8LVJn4IxauOptG6dcb.jpg
Recess: School's Out,2001-02-16,Comedy,G,36696761,54656124,https://image.tmdb.org/t/p/w200/qsUCoeTwCNIrvDrUiWlTCgyRFZy.jpg
Just Visiting,2001-04-06,Comedy,PG-13,4777007,7114869,https://image.tmdb.org/t/p/w200/7KqzbefXjADSUE8j2ZsrudvAArY.jpg
Pearl Harbor,2001-05-25,Action,PG-13,198539855,295705112,https://image.tmdb.org/t/p/w200/y8A0Cvp8WQmZ3bjbnsL53lY0dsC.jpg
Atlantis: The Lost Empire,2001-06-08,Adventure,PG,84052762,125188122,https://image.tmdb.org/t/p/w200/rdCyK9hgoA2vYrLtVFpDc3KWBaC.jpg
crazy/beautiful,2001-06-29,Drama,PG-13,16929123,25214223,https://image.tmdb.org/t/p/w200/1kxn6w6lvKkrhmVxfVqI0cfBmLa.jpg
The Princess Diaries,2001-08-03,Comedy,G,108244774,161218928,https://image.tmdb.org/t/p/w200/qSw4lzhDGeM5MjQc86BLzJALhBs.jpg
Bubble Boy,2001-08-24,Comedy,PG-13,5002310,7450434,https://image.tmdb.org/t/p/w200/tFwvUSc8g0HHvDOBQ2rvC9LWVSj.jpg
Max Keeble's Big Move,2001-10-05,Comedy,PG,17292381,25749730,https://image.tmdb.org/t/p/w200/eJ4olY0dZMC1MfMhRkLOWisWYtu.jpg
Corky Romano,2001-10-12,Comedy,PG-13,23978402,35705805,https://image.tmdb.org/t/p/w200/aLgzSIgHTyWggrP7ieDVYE3PB8g.jpg
High Heels and Low Lifes,2001-10-26,,R,226792,337782,https://image.tmdb.org/t/p/w200/jyC13aGpVP4ogf8jSVfWLdk02h1.jpg
"Monsters, Inc.",2001-11-02,Adventure,G,289423425,416073179,https://image.tmdb.org/t/p/w200/wFSpyMsp7H0ttERbxY7Trlv8xry.jpg
Out Cold,2001-11-21,Comedy,PG-13,13906394,20700691,https://image.tmdb.org/t/p/w200/2aBepBnMXRs3hmde9Je3rn5bseJ.jpg
The Royal Tenenbaums,2001-12-14,Black Comedy,R,52353636,76758193,https://image.tmdb.org/t/p/w200/nG7hZJn7wQTSDCQT39Gy3s3tbrp.jpg
Beauty and the Beast (IMAX),2002-01-01,Musical,G,25487028,36980311,
Frank McKlusky C.I.,2002-01-01,,,0,0,https://image.tmdb.org/t/p/w200/ngntGMRnsWEwOBEsEiabfkyWVtJ.jpg
Snow Dogs,2002-01-18,Comedy,PG,81150692,117745317,https://image.tmdb.org/t/p/w200/8DDC6z1XyLSiNLzKw1pXcYeAOJ3.jpg
The Count of Monte Cristo,2002-01-25,Drama,PG-13,54228104,78682079,https://image.tmdb.org/t/p/w200/ifMgDAUXVQLY4DeOu3VTTi55jSP.jpg
Peter Pan: Return to Neverland,2002-02-15,Adventure,G,48430258,70269715,https://image.tmdb.org/t/p/w200/wB3r2b8sxUZspqNyr8copMlt7se.jpg
Reign of Fire,2002-02-19,Action,PG-13,43061982,62480631,https://image.tmdb.org/t/p/w200/vZVXCj3jXzIPJUHLaQohzt2uTM3.jpg
Sorority Boys,2002-03-22,Comedy,R,10198766,14797862,https://image.tmdb.org/t/p/w200/6nEcq3ARZgSAeBvJVyrCerH0umF.jpg
The Rookie,2002-03-29,Drama,G,75600072,109691666,https://image.tmdb.org/t/p/w200/gNmLsseIs6thkBKne91iQZDGyBT.jpg
Big Trouble,2002-04-05,Comedy,PG-13,7262288,10537188,https://image.tmdb.org/t/p/w200/1fQ9ryGMLt1fZxX45CI9xfVWPG9.jpg
ESPN's Ultimate X - The Movie,2002-05-10,Documentary,PG,4197175,6089874,
Bad Company,2002-06-07,Action,PG-13,30157016,43756218,https://image.tmdb.org/t/p/w200/umu141mcfIEhRLgyQp7TWlGJFW.jpg
Lilo & Stitch,2002-06-21,Adventure,PG,145771527,211506702,https://image.tmdb.org/t/p/w200/ckQzKpQJO4ZQDCN5evdpKcfm7Ys.jpg
The Country Bears,2002-07-26,Adventure,G,16988996,24650121,https://image.tmdb.org/t/p/w200/h6mm3z7Wf4y1rJGHxqjVTTHl217.jpg
Signs,2002-08-02,Thriller/Suspense,PG-13,227965690,330754439,https://image.tmdb.org/t/p/w200/YtrIdrTxpRhvCnlw43dwOjfLqx.jpg
Sen to Chihiro no Kamikakushi,2002-09-20,Adventure,PG,10049886,14338992,https://image.tmdb.org/t/p/w200/39wmItIWsg5sZMyRUHLkWBcuVCM.jpg
Sweet Home Alabama,2002-09-27,Comedy,PG-13,127214072,184521151,https://image.tmdb.org/t/p/w200/698cbxq0SRwCdOPG5Bwi7JDk12d.jpg
Moonlight Mile,2002-09-27,Drama,PG-13,6830957,9909094,https://image.tmdb.org/t/p/w200/jKDnCPUkL4QsgeqKCtyNMPL2XUU.jpg
Tuck Everlasting,2002-10-11,Drama,PG,19161999,27789959,https://image.tmdb.org/t/p/w200/9BXAC4uTHuD37hpiGOmhetqNgnO.jpg
The Santa Clause 2,2002-11-01,Comedy,G,139225854,201959095,https://image.tmdb.org/t/p/w200/2EAMkz0z1pbr9weOY1Y7buy2AxV.jpg
Treasure Planet,2002-11-27,Adventure,PG,38120554,55189145,https://image.tmdb.org/t/p/w200/zMKatZ0c0NCoKzfizaCzVUcbKMf.jpg
The Hot Chick,2002-12-13,Comedy,PG-13,35081550,50624654,https://image.tmdb.org/t/p/w200/lnnGE4TKa05t20SZ2batuAhXCp4.jpg
25th Hour,2002-12-19,Drama,R,13084595,18325463,https://image.tmdb.org/t/p/w200/uW7tTRElr2tRhmAVESzvHy4ByXg.jpg
The Recruit,2003-01-31,Thriller/Suspense,PG-13,52784696,73793522,https://image.tmdb.org/t/p/w200/zd9eNagUB7FEaqffnSw3n3Nii4p.jpg
Shanghai Knights,2003-02-07,Adventure,PG-13,60470220,84537962,https://image.tmdb.org/t/p/w200/vVNQStMlZS9mn2AKBEpadRunHgt.jpg
The Jungle Book 2,2003-02-14,Adventure,G,47901582,66966883,https://image.tmdb.org/t/p/w200/21GanxizOIL1CN0HLx7j3je8k87.jpg
Bringing Down the House,2003-03-07,Comedy,PG-13,132675402,185481530,https://image.tmdb.org/t/p/w200/jic0ULHTcqQQaCSIEw6SAhHhIPA.jpg
Piglet's Big Movie,2003-03-21,Comedy,G,23103423,32298812,https://image.tmdb.org/t/p/w200/cytspPjtacOInHroA6h2dIekDrp.jpg
Ghosts of the Abyss,2003-04-11,Documentary,G,17093668,23803108,https://image.tmdb.org/t/p/w200/aSht7L9Mnr1zc4hDJTOwPuTfnV8.jpg
Holes,2003-04-18,Drama,PG,67383924,94203395,https://image.tmdb.org/t/p/w200/o2Dm2mcE1qW8vT0bpsJO5OMBbqa.jpg
The Lizzie McGuire Movie,2003-05-02,Comedy,PG,42734455,59743191,https://image.tmdb.org/t/p/w200/ecDrdzRhl01fck3Bwd3pn9Qm3Un.jpg
Finding Nemo,2003-05-30,Adventure,G,380529370,518148559,https://image.tmdb.org/t/p/w200/eHuGQ10FUzK1mdOY69wF5pGgEf5.jpg
Pirates of the Caribbean: The Curse o…,2003-07-09,Adventure,PG-13,305411224,426967926,
Freaky Friday,2003-08-06,Comedy,PG,110222438,154090360,https://image.tmdb.org/t/p/w200/vQljMYQKVApQFXfTXKt9J8diVLG.jpg
Open Range,2003-08-15,Western,R,58331254,81547672,https://image.tmdb.org/t/p/w200/5bmt52Fijy71W0E72on8xnnYHgP.jpg
Cold Creek Manor,2003-09-19,Thriller/Suspense,R,21384035,29895090,https://image.tmdb.org/t/p/w200/2AKitfwCoCmHU4PTtC5oF6LImlG.jpg
Under the Tuscan Sun,2003-09-26,Comedy,PG-13,43601508,60944053,https://image.tmdb.org/t/p/w200/3vQUQwdtfPt1Sl2GZrIECWWA0dk.jpg
Veronica Guerin,2003-10-17,Drama,R,1569918,2194759,https://image.tmdb.org/t/p/w200/14RnhkH9ArHZ8viDAej4TnVl4Jg.jpg
Brother Bear,2003-10-24,Adventure,G,85336277,119218333,https://image.tmdb.org/t/p/w200/otptPbEY0vBostmo95xwiiumMJm.jpg
The Haunted Mansion,2003-11-26,Comedy,PG,75817994,105775678,https://image.tmdb.org/t/p/w200/lGi5yio4pdDz5PkSeZCbnMQz5vK.jpg
Calendar Girls,2003-12-19,Comedy,PG-13,31011616,42379650,https://image.tmdb.org/t/p/w200/yy2cPwrnUquMCmShrf8TbYu6emd.jpg
Young Black Stallion,2003-12-25,Adventure,G,6751389,9254344,https://image.tmdb.org/t/p/w200/b09tLSrvcShh8AQeKfnoIMJW8Cg.jpg
Teacher's Pet: The Movie,2004-01-16,Comedy,PG,6491969,8812764,
Miracle,2004-02-06,Drama,PG,64378093,87392478,https://image.tmdb.org/t/p/w200/mxtej2th8t8x0ufVBTyhsO6Htxj.jpg
Confessions of a Teenage Drama Queen,2004-02-20,Comedy,PG,29331068,39816568,https://image.tmdb.org/t/p/w200/3LUWyY3WXNDaezwbz69uB9qtVpk.jpg
Hidalgo,2004-03-05,Western,PG-13,67286731,91340921,https://image.tmdb.org/t/p/w200/iGzENlBPYJEFWZnye4t3nqWSSp1.jpg
The Ladykillers,2004-03-26,Comedy,R,39692139,53881593,https://image.tmdb.org/t/p/w200/9LJ6ZV59Q92LAJAbmb7xm9dUBGU.jpg
Home on the Range,2004-04-02,Comedy,PG,50026353,67910166,https://image.tmdb.org/t/p/w200/9xIIo4FMquy5SRqn8hppyr2QadR.jpg
The Alamo,2004-04-09,Western,PG-13,22406362,30416359,https://image.tmdb.org/t/p/w200/54KNQfJnYZwhI3sPYyjXtptWGfg.jpg
Raising Helen,2004-05-28,Comedy,PG-13,37485528,50886144,https://image.tmdb.org/t/p/w200/ubZin4oGXYp6hCn3WU6nrBre62y.jpg
Around the World in 80 Days,2004-06-16,Adventure,PG,24004159,32585356,https://image.tmdb.org/t/p/w200/kk6Rrwh0toMz9tjuUHdS4O3v2Rk.jpg
America's Heart and Soul,2004-07-02,Documentary,Not Rated,314000,426246,https://image.tmdb.org/t/p/w200/gQXYEn2nCvp0jbc9ZbXu41RWSYN.jpg
King Arthur,2004-07-07,Adventure,PG-13,51877963,70423706,https://image.tmdb.org/t/p/w200/iKLZEAnjzr51Ij7TJtNejc5CN3i.jpg
The Village,2004-07-30,Thriller/Suspense,PG-13,114197520,155021748,https://image.tmdb.org/t/p/w200/v7UvYtKfIVaHLaHwVgfalyrK7Ho.jpg
The Princess Diaries 2: Royal Engagement,2004-08-11,Romantic Comedy,G,95149435,129164207,https://image.tmdb.org/t/p/w200/5XToqGcE4qdfOSaCPWI7kAb1bm7.jpg
Mr. 3000,2004-09-17,Comedy,PG-13,21800302,29593641,https://image.tmdb.org/t/p/w200/g7CNkytZsZzQ8ZEr8F4SmrhjI5y.jpg
The Last Shot,2004-09-24,Comedy,R,463730,629502,https://image.tmdb.org/t/p/w200/2Rm4xsJnrZaZL0qPO2wBP5MJJpE.jpg
Ladder 49,2004-10-01,Action,PG-13,74541707,101161045,https://image.tmdb.org/t/p/w200/aJWQNUUHVcI7kvlVdUzPS9J8XHt.jpg
The Incredibles,2004-11-05,Adventure,PG,261441092,354488708,https://image.tmdb.org/t/p/w200/2LqaLgk4Z226KkgPJuiOQ58wvrm.jpg
National Treasure,2004-11-19,Adventure,PG,173005002,234069353,https://image.tmdb.org/t/p/w200/pxL6E4GBOPUG6CdkO9cUQN5VMwI.jpg
The Life Aquatic with Steve Zissou,2004-12-10,Comedy,R,24006726,32198655,https://image.tmdb.org/t/p/w200/qZoFLNBC78jzboWeDH6Ha0qavF2.jpg
Aliens of the Deep,2005-01-28,Documentary,G,8968684,11740942,https://image.tmdb.org/t/p/w200/fr93LZw0vilOK42vbWCgtekyMpQ.jpg
Pooh's Heffalump Movie,2005-02-11,Adventure,G,18098433,23801835,https://image.tmdb.org/t/p/w200/5kd5JqccroxOnC9sVMP5NtLrbkr.jpg
The Pacifier,2005-03-04,Comedy,PG,113006880,148619029,https://image.tmdb.org/t/p/w200/ayVLPibrtazh7U5FliWRLDMmG3d.jpg
Ice Princess,2005-03-18,Comedy,G,24381334,32064685,https://image.tmdb.org/t/p/w200/oLWeyvu0ZJrpxDsRrzsMeaGzyZp.jpg
A Lot Like Love,2005-04-22,Comedy,PG-13,21835784,28716947,https://image.tmdb.org/t/p/w200/6xrF9zwEbYiYBOalMO14RAWBLLj.jpg
The Hitchhiker's Guide to the Galaxy,2005-04-29,Comedy,PG,51019112,67096891,https://image.tmdb.org/t/p/w200/yr9A3KGQlxBh3yW0cmglsr8aMIz.jpg
Hauru no ugoku shiro,2005-06-10,Adventure,PG,4710455,6194870,https://image.tmdb.org/t/p/w200/13kOl2v0nD2OLbVSHnHk8GUFEhO.jpg
Herbie: Fully Loaded,2005-06-22,Comedy,G,66010682,86812798,https://image.tmdb.org/t/p/w200/7lTfTZ8CDfXw09eAv3OOvsbCVgs.jpg
Dark Water,2005-07-08,Thriller/Suspense,PG-13,25473093,33500491,https://image.tmdb.org/t/p/w200/iSq6J55RFLfwcceDKxYtMjOr1sz.jpg
Sky High,2005-07-29,Adventure,PG,63939454,84088854,https://image.tmdb.org/t/p/w200/nBB0XNMwvYvWpo67EcxQqKMoMKf.jpg
Valiant,2005-08-19,Adventure,G,19478106,25616292,https://image.tmdb.org/t/p/w200/vY6WRn3vwjZq5Y1B2E4pmzJr1kF.jpg
Flightplan,2005-09-23,Thriller/Suspense,PG-13,89706988,117960425,https://image.tmdb.org/t/p/w200/oNjZFzbe7PfF3TxztNHDkinOPyB.jpg
The Greatest Game Ever Played,2005-09-30,Drama,PG,15331289,20162672,https://image.tmdb.org/t/p/w200/kh4vd6wKa6j9xVFzxhQrsT0p2YN.jpg
Shopgirl,2005-10-21,Drama,R,10284523,13519621,https://image.tmdb.org/t/p/w200/mEpnYHytC1MuLECf4N0g4Xql2t8.jpg
Chicken Little,2005-11-04,Adventure,G,135386665,177954661,https://image.tmdb.org/t/p/w200/ic7HarXbjPE1lCdHGavGA8VLtmy.jpg
"The Chronicles of Narnia: The Lion, t…",2005-12-09,Adventure,PG,291710957,381557539,
Casanova,2005-12-25,Drama,R,11304403,14574087,https://image.tmdb.org/t/p/w200/pp237jqOnlLojQfvCgJHv5yZofL.jpg
Glory Road,2006-01-13,Drama,PG,42647449,54888236,https://image.tmdb.org/t/p/w200/bGRSV5tStxDNPRLCewnOeeiZzrY.jpg
Annapolis,2006-01-27,Drama,PG-13,17127992,22044113,https://image.tmdb.org/t/p/w200/hH6YeqFcihbZsz7iWl6MzQVzL8O.jpg
Roving Mars,2006-01-27,Documentary,G,10407978,12948025,https://image.tmdb.org/t/p/w200/l2SX7melm80fHU0KNYRSwW5KmPg.jpg
Eight Below,2006-02-17,Adventure,PG,81612565,105037235,https://image.tmdb.org/t/p/w200/39hR806Me4wI42LCFcK2LBiCRGW.jpg
The Shaggy Dog,2006-03-10,Comedy,PG,61123569,78667428,https://image.tmdb.org/t/p/w200/tGX3YyPaYMbjiRwR5PjRsJW7GtM.jpg
Stay Alive,2006-03-24,Horror,PG-13,23086480,29712825,https://image.tmdb.org/t/p/w200/hsSJwroE7jugEROB8tmyxJP91Ho.jpg
The Wild,2006-04-14,Adventure,G,37384046,48114115,https://image.tmdb.org/t/p/w200/sxqzaOto1qyUseSg6YpIP9Su5lp.jpg
Stick It,2006-04-28,Comedy,PG-13,26910736,34634731,https://image.tmdb.org/t/p/w200/uMcylxIC7nBpBd8Uf6Apr4MJ1pf.jpg
Goal! The Dream Begins,2006-05-12,Drama,PG,4283255,5512647,https://image.tmdb.org/t/p/w200/9YZhJGoIbJtrjDYbENGhR6f6SZE.jpg
Cars,2006-06-09,Comedy,G,244082982,314140384,https://image.tmdb.org/t/p/w200/2Touk3m5gzsqr1VsvxypdyHY5ci.jpg
Pirates of the Caribbean: Dead Man’…,2006-07-07,Adventure,PG-13,423315812,544817142,https://image.tmdb.org/t/p/w200/uXEqmloGyP7UXAiphJUu2v2pcuE.jpg
Step Up,2006-08-11,Drama,PG-13,65328121,84078780,https://image.tmdb.org/t/p/w200/fmw52kXk2kN8AQil7tgOD41gt4Q.jpg
Invincible,2006-08-25,Drama,PG,57806952,74398864,https://image.tmdb.org/t/p/w200/kDo0gq9gCAMmYF0pSgzGsw68JtQ.jpg
The Guardian,2006-09-29,Action,PG-13,55011732,70801353,https://image.tmdb.org/t/p/w200/zFhFjrckfmdb33VDeRykumMmebU.jpg
The Prestige,2006-10-20,Thriller/Suspense,PG-13,53089891,68289913,https://image.tmdb.org/t/p/w200/bdN3gXuIZYaJP7ftKK2sU0nPtEA.jpg
Tim Burton's The Nightmare Before Chr…,2006-10-20,Musical,PG,24732041,30737517,
The Santa Clause 3: The Escape Clause,2006-11-03,Comedy,G,84500122,108694869,https://image.tmdb.org/t/p/w200/pvaWMSRzRwtcxyHKNLX6phiQp8d.jpg
Déjà Vu,2006-11-22,Thriller/Suspense,PG-13,64038616,82267038,https://image.tmdb.org/t/p/w200/eTX6hklzFOiEVqVukNCEedZKhix.jpg
Apocalypto,2006-12-08,Adventure,R,50866635,64959548,https://image.tmdb.org/t/p/w200/cRY25Q32kDNPFDkFkxAs6bgCq3L.jpg
Primeval,2007-01-12,Adventure,R,10597734,12985302,https://image.tmdb.org/t/p/w200/5ou56J8FIxbIFusR9zIA9GW7zwt.jpg
Bridge to Terabithia,2007-02-16,Drama,PG,82234139,100760721,https://image.tmdb.org/t/p/w200/3xFxGodKPMFLheS8rujFSmLfcq4.jpg
Wild Hogs,2007-03-02,Comedy,PG-13,168213584,206110533,https://image.tmdb.org/t/p/w200/qYyPCZcpNGZwbyBo1gwdCiW5hHC.jpg
Meet the Robinsons,2007-03-30,Adventure,G,97822171,119860589,https://image.tmdb.org/t/p/w200/naya0zF4kT401Sx15AtwB9vpcJr.jpg
The Lookout,2007-03-30,Drama,R,4600585,5637048,https://image.tmdb.org/t/p/w200/iFkgIvLCjnhRJ9FI5xya7ScVc6U.jpg
The Hoax,2007-04-06,Drama,R,7164995,8779196,https://image.tmdb.org/t/p/w200/u5KESAGmNa5NLsSbpHVUDWT4ENR.jpg
The Invisible,2007-04-27,Thriller/Suspense,PG-13,20568319,25202168,https://image.tmdb.org/t/p/w200/vSJloUNJSKWJzQ4RbxBFKOA2p2m.jpg
Pirates of the Caribbean: At World’…,2007-05-24,Adventure,PG-13,309420425,379129960,https://image.tmdb.org/t/p/w200/jGWpG4YhpQwVmjyHEGkxEkeRf0S.jpg
Ratatouille,2007-06-29,Comedy,G,206445654,252955933,https://image.tmdb.org/t/p/w200/t3vaWRPSf6WjDSamIkKDs1iQWna.jpg
Underdog,2007-08-03,Adventure,PG,43760605,53619462,https://image.tmdb.org/t/p/w200/1ghG520eMwpMLTf5M0dVDYC3Lkj.jpg
The Game Plan,2007-09-22,Comedy,PG,90648202,111010758,https://image.tmdb.org/t/p/w200/fcLFvIqCUrhY96mkSmr3okxaMEw.jpg
Dan in Real Life,2007-10-20,Romantic Comedy,PG-13,47642963,58350234,https://image.tmdb.org/t/p/w200/wJkkkG4ditqNzlua0oJzoaICGiz.jpg
Enchanted,2007-11-21,Romantic Comedy,PG,127706877,156074310,https://image.tmdb.org/t/p/w200/8KCNzCArLlvLdQoHx6npua2VSVc.jpg
National Treasure 2: Book of Secrets,2007-12-21,Adventure,PG,219961501,267003525,https://image.tmdb.org/t/p/w200/dc9F1vNOGbgeZrO9ejNkbgHPlfw.jpg
Hannah Montana/Miley Cyrus: Best of B…,2008-02-01,Concert/Performance,G,65281781,76646993,
Step Up 2 the Streets,2008-02-14,Drama,PG-13,58017783,68118371,https://image.tmdb.org/t/p/w200/vYdlRTvA5fneB88NchV3sirzCE1.jpg
College Road Trip,2008-03-07,Comedy,G,45610425,53550960,https://image.tmdb.org/t/p/w200/8kcBMzhqW2eo058SmIKvbTbakYr.jpg
The Chronicles of Narnia: Prince Caspian,2008-05-16,Adventure,PG,141621490,166277038,https://image.tmdb.org/t/p/w200/qxz3WIyjZiSKUhaTIEJ3c1GcC9z.jpg
WALL-E,2008-06-27,Adventure,G,223808164,262771918,https://image.tmdb.org/t/p/w200/7x5Fmqd0l01Afir84v9z5lwXwoA.jpg
Swing Vote,2008-08-01,Comedy,PG-13,16289867,19125841,https://image.tmdb.org/t/p/w200/aa5pWY2IVObKS7JZpfEw7Fe4FJk.jpg
Goal! 2: Living the Dream...,2008-08-29,Drama,PG-13,225067,264247,https://image.tmdb.org/t/p/w200/sKKej989oVbZahldAkrMVmyB8pU.jpg
Miracle at St. Anna,2008-09-26,Drama,R,7916887,9295171,https://image.tmdb.org/t/p/w200/7PqmgaQBuD0Zp9pDIkkEjkhCJUj.jpg
Beverly Hills Chihuahua,2008-10-03,Comedy,PG,94514402,110932022,https://image.tmdb.org/t/p/w200/2aRvqtLoE06hTjG93lASvO7r1as.jpg
Morning Light,2008-10-17,Documentary,PG,275093,322979,https://image.tmdb.org/t/p/w200/bsm77sFA42HtQkE8nNOg3E6MRdx.jpg
High School Musical 3: Senior Year,2008-10-24,Musical,G,90559416,106308538,https://image.tmdb.org/t/p/w200/aq2o1wT0crBOTxof36O6KTyjpgE.jpg
Bolt,2008-11-21,Comedy,PG,114053759,133702498,https://image.tmdb.org/t/p/w200/v5aC4nrzXFGJDWY4JO1eengXzqk.jpg
Bedtime Stories,2008-12-25,Comedy,PG,110101975,128039679,https://image.tmdb.org/t/p/w200/rSOnWm8ahvgThYp8TKGRUTcvsyw.jpg
Confessions of a Shopaholic,2009-02-13,Romantic Comedy,PG,44277350,49767744,https://image.tmdb.org/t/p/w200/r17R9OIC0pKDqqsNore6atYLCVZ.jpg
Jonas Brothers: The 3D Concert Experi…,2009-02-27,Concert/Performance,G,38174685,38174685,
Race to Witch Mountain,2009-03-13,Adventure,PG,67172594,75501997,https://image.tmdb.org/t/p/w200/5RBZsOKMMxnp8L6UmOiylKOw4yo.jpg
Hannah Montana the Movie,2009-04-10,Drama,G,79576189,89443640,https://image.tmdb.org/t/p/w200/nZUKhfpUCFfTy24LGBHdDlK5RLx.jpg
Earth,2009-04-22,Documentary,G,32011576,35981010,https://image.tmdb.org/t/p/w200/xybnXW6E28W9agiwUeGLbTYS454.jpg
Up,2009-05-29,Adventure,PG,293004164,329336681,https://image.tmdb.org/t/p/w200/mFvoEwSfLqbcWwFsDjQebn9bzFe.jpg
The Proposal,2009-06-19,Romantic Comedy,PG-13,163958031,184288829,https://image.tmdb.org/t/p/w200/aEqtJDj8MvSDQwzggvcOfFTZMw.jpg
G-Force,2009-07-24,Adventure,PG,119436770,134246932,https://image.tmdb.org/t/p/w200/9Tly3ZXTTsQKM26fis8v9LR4GxG.jpg
Gake no ue no Ponyo,2009-08-14,Adventure,G,15090399,16961607,https://image.tmdb.org/t/p/w200/yp8vEZflGynlEylxEesbYasc06i.jpg
X Games 3D: The Movie,2009-08-21,Documentary,PG,1391434,1563976,https://image.tmdb.org/t/p/w200/wbOjWzPv7RE3rEKGhlx2xQM0pjE.jpg
Walt and El Grupo,2009-09-10,Documentary,PG,20521,23064,
Surrogates,2009-09-25,Action,PG-13,38577772,43361416,https://image.tmdb.org/t/p/w200/v3Z0Hbl0oe57njrrIPh0fJPFoo.jpg
Toy Story 3D Double Feature,2009-10-02,Adventure,G,30702446,34509545,
Disney's A Christmas Carol,2009-11-06,Drama,PG,137855863,154927105,https://image.tmdb.org/t/p/w200/kj0SvJeTxHCOS8wGoZoY1Qg8BSQ.jpg
The Princess and the Frog,2009-11-25,Adventure,G,104400899,116316457,https://image.tmdb.org/t/p/w200/v6nAUs62OJ4DXmnnmPFeVmMz8H9.jpg
Old Dogs,2009-11-25,Comedy,PG,49492060,55503929,https://image.tmdb.org/t/p/w200/u056hk3at4ukf9DWASVjogXyZfn.jpg
When in Rome,2010-01-29,Romantic Comedy,PG-13,32680633,34917330,https://image.tmdb.org/t/p/w200/pteIGpJpgh2aUh3jMqZnomB1rw1.jpg
Alice in Wonderland,2010-03-05,Adventure,PG,334191110,357063499,https://image.tmdb.org/t/p/w200/o0kre9wRCZz3jjSjaru7QU0UtFz.jpg
Waking Sleeping Beauty,2010-03-26,Documentary,PG,80741,86264,https://image.tmdb.org/t/p/w200/hywGLq5tMOuKwXfOhYUzoqNNAnU.jpg
The Last Song,2010-03-31,Drama,PG,62950384,67258772,https://image.tmdb.org/t/p/w200/uFUL1SNHcMwfn8swyI9Hh8JfeFz.jpg
Oceans,2010-04-22,Documentary,G,19422319,20751600,https://image.tmdb.org/t/p/w200/kIT3G7QoV1vatMCL8TAA3xnkO2V.jpg
Prince of Persia: Sands of Time,2010-05-28,Action,PG-13,90759676,96971361,https://image.tmdb.org/t/p/w200/r9nw8LMdewMvRdNkEy0GH8yQ4n0.jpg
Toy Story 3,2010-06-18,Adventure,G,415004880,443408255,https://image.tmdb.org/t/p/w200/wG7nvy56wiY85ZqjEEuMU7rYRVP.jpg
The Sorcerer's Apprentice,2010-07-14,Adventure,PG,63150991,67473105,https://image.tmdb.org/t/p/w200/b5pIUsGll0418NyfNA5eYCI9aoK.jpg
Step Up 3D,2010-08-06,Drama,PG-13,42400223,45302137,https://image.tmdb.org/t/p/w200/rPcqa5TZ7S63RNmCuY45ZizFBen.jpg
Gedo Senki (Tales from Earthsea),2010-08-13,Adventure,PG-13,48658,51988,https://image.tmdb.org/t/p/w200/y0VnJt4eRPMjA1hpJ8f1EFoVaSf.jpg
You Again,2010-09-24,Comedy,PG,25702053,27461121,https://image.tmdb.org/t/p/w200/9qI5JE6yjmtakTankuDOMZ1vgEx.jpg
Secretariat,2010-10-08,Drama,PG,59699513,63781920,https://image.tmdb.org/t/p/w200/6YJ39NqRJ0ljUQohizHmE2hB6Wh.jpg
Tangled,2010-11-24,Adventure,PG,200821936,214388548,https://image.tmdb.org/t/p/w200/ym7Kst6a4uodryxqbGOxmewF235.jpg
Tron: Legacy,2010-12-17,Adventure,PG,172062763,183619259,https://image.tmdb.org/t/p/w200/vuifSABRpSnxCAOxEnWpNbZSXpp.jpg
Gnomeo and Juliet,2011-02-11,Comedy,G,99967670,106270797,https://image.tmdb.org/t/p/w200/vVQwgfS9gSFviVT4gS7tZAmhRFc.jpg
I am Number Four,2011-02-18,Adventure,PG-13,55100437,58574607,https://image.tmdb.org/t/p/w200/2NrP3h3GEsrPXX60bmjKuYWAvl9.jpg
Mars Needs Moms,2011-03-11,Adventure,PG,21392758,22741603,https://image.tmdb.org/t/p/w200/g94LNU4pipIUJLkTvYIgNGfT2J2.jpg
African Cats,2011-04-22,Documentary,G,15428747,16401551,https://image.tmdb.org/t/p/w200/nERPMF2kHjc1slLHZYZGwcWX9kg.jpg
Zokkomon,2011-04-22,Adventure,PG,2815,2984,https://image.tmdb.org/t/p/w200/ub1NcqnUrXfRbRudmehCoUa2aix.jpg
Prom,2011-04-29,Comedy,PG,10130219,10768946,https://image.tmdb.org/t/p/w200/pOYSCjYylOsEPkql3m9gcV1jycR.jpg
Pirates of the Caribbean: On Stranger…,2011-05-20,Adventure,PG-13,241063875,256263359,https://image.tmdb.org/t/p/w200/keGfSvCmYj7CvdRx36OdVrAEibE.jpg
Cars 2,2011-06-24,Adventure,G,191450875,203522177,https://image.tmdb.org/t/p/w200/okIz1HyxeVOMzYwwHUjH2pHi74I.jpg
Winnie the Pooh,2011-07-15,Adventure,G,26692846,28375869,https://image.tmdb.org/t/p/w200/xlFs85nq62jeR4a9iHNGB113m6x.jpg
The Help,2011-08-10,Drama,PG-13,169705587,180404976,https://image.tmdb.org/t/p/w200/3kmfoWWEc9Vtyuaf9v5VipRgdjx.jpg
Fright Night,2011-08-19,Horror,R,18298649,19452402,https://image.tmdb.org/t/p/w200/euIh75MwNDrYkTEVSkw7VXWGXoE.jpg
Real Steel,2011-10-07,Action,PG-13,85463309,90848019,https://image.tmdb.org/t/p/w200/4GIeI5K5YdDUkR3mNQBoScpSFEf.jpg
The Muppets,2011-11-23,Comedy,PG,88625922,94189503,https://image.tmdb.org/t/p/w200/mOB0Hdm23NslPNDkZC9eueatW3b.jpg
War Horse,2011-12-25,Drama,PG-13,79883359,84762149,https://image.tmdb.org/t/p/w200/3aRHhvvngFPJFy5uAjo7GVr3PhL.jpg
The Secret World of Arietty,2012-02-17,Adventure,G,19192510,20325733,
John Carter,2012-03-09,Adventure,PG-13,73058679,77372445,https://image.tmdb.org/t/p/w200/lCxz1Yus07QCQQCb6I0Dr3Lmqpx.jpg
Chimpanzee,2012-04-20,Documentary,G,28965459,30675725,https://image.tmdb.org/t/p/w200/zmqWHkCXHM9n28zqL2LrPmJ5a7W.jpg
The Avengers,2012-05-04,Action,PG-13,623279547,660081224,https://image.tmdb.org/t/p/w200/RYMX2wcKCBAr24UyPD7xwmjaTn.jpg
Brave,2012-06-22,Adventure,PG,237282182,251292441,https://image.tmdb.org/t/p/w200/1XAuDtMWpL0sYSFK0R6EZate2Ux.jpg
People Like Us,2012-06-29,Drama,PG-13,12431792,13165822,https://image.tmdb.org/t/p/w200/aXfIwSJogLjQdmX9Qzhkeuv3HQI.jpg
The Odd Life of Timothy Green,2012-08-15,Drama,PG,51853450,54914942,https://image.tmdb.org/t/p/w200/24HWf4QBnEbNYDJfNFR1CmwtST5.jpg
Frankenweenie,2012-10-05,Comedy,PG,35287788,37363513,https://image.tmdb.org/t/p/w200/10MHgLe0ZEX0xSLHghgy6mvUyIF.jpg
Wreck-It Ralph,2012-11-02,Adventure,PG,189412677,200354959,https://image.tmdb.org/t/p/w200/zWoIgZ7mgmPkaZjG0102BSKFIqQ.jpg
Lincoln,2012-11-09,Drama,PG-13,182207973,192122330,https://image.tmdb.org/t/p/w200/5KeUqW6DpVtf8G9VMuI2l0XIPCo.jpg
Oz the Great and Powerful,2013-03-08,Adventure,PG,234770996,243434130,https://image.tmdb.org/t/p/w200/tkzfAUEKoUp4YFNbZV9hfpZOz0z.jpg
Iron Man 3,2013-05-03,Action,PG-13,408992272,424084233,https://image.tmdb.org/t/p/w200/qhPtAc1TKbMPqNvcdXSOn9Bn7hZ.jpg
Monsters University,2013-06-21,Adventure,G,268488329,278395641,https://image.tmdb.org/t/p/w200/y7thwJ7z5Bplv6vwl6RI0yteaDD.jpg
The Lone Ranger,2013-07-02,Western,PG-13,89302115,92597388,https://image.tmdb.org/t/p/w200/yDuJGq8biNMW7zM3w95UaDJv0KG.jpg
Disney Planes,2013-08-09,Comedy,PG,90282580,93614037,https://image.tmdb.org/t/p/w200/i2xgU0y0p77WTrB0oIkbpdaWq8R.jpg
The Fifth Estate,2013-10-18,Drama,R,3254172,3374251,https://image.tmdb.org/t/p/w200/pUrL2eacUjAxkOS403DaOyXpgAG.jpg
Thor: The Dark World,2013-11-08,Adventure,PG-13,206362140,213962184,https://image.tmdb.org/t/p/w200/wp6OxE4poJ4G7c0U2ZIXasTSMR7.jpg
Kaze Tachinu,2013-11-08,Drama,PG-13,5201879,5367415,https://image.tmdb.org/t/p/w200/ePAlUkMxgDHXKZ9IHas3CE8xTWv.jpg
Frozen,2013-11-22,Adventure,PG,400738009,414997174,https://image.tmdb.org/t/p/w200/itAKcobTYGpYT8Phwjd8c9hleTo.jpg
Delivery Man,2013-11-22,Comedy,PG-13,30659817,31787136,https://image.tmdb.org/t/p/w200/huXHYDclKT4RM1OvS3O7SXYRAU0.jpg
Saving Mr. Banks,2013-12-13,Drama,PG-13,83299761,86249969,https://image.tmdb.org/t/p/w200/4RkcUe5PKnYvrCwMjk8giUAoID7.jpg
Need for Speed,2014-03-14,Action,PG-13,43568507,44955015,https://image.tmdb.org/t/p/w200/45D153Bk0bNwonV1w5IBBvqssPV.jpg
Muppets Most Wanted,2014-03-21,Comedy,PG,51178893,52807594,https://image.tmdb.org/t/p/w200/o9mGTVnnsqMS3Oh2IloPKPpLiL3.jpg
Captain America: The Winter Soldier,2014-04-04,Action,PG-13,259746958,268013076,https://image.tmdb.org/t/p/w200/tVFRpFw3xTedgPGqxW0AOI8Qhh0.jpg
Bears,2014-04-18,Documentary,G,17780194,18346024,https://image.tmdb.org/t/p/w200/dO2JdK7MonWis9Jg2im9IcVq7eJ.jpg
Million Dollar Arm,2014-05-10,Drama,PG,36447959,37607865,https://image.tmdb.org/t/p/w200/nO5Hq7fJhxmhuycELyVX6FamOjl.jpg
Maleficent,2014-05-30,Adventure,PG,241407328,249089809,https://image.tmdb.org/t/p/w200/bDG3yei6AJlEAK3A5wN7RwFXQ7V.jpg
Planes: Fire and Rescue,2014-07-18,Adventure,PG,59157732,61040349,https://image.tmdb.org/t/p/w200/tsVv04zhHFBO03Aq6BpzJx0OrFh.jpg
Guardians of the Galaxy,2014-08-01,Adventure,PG-13,333172112,343771168,https://image.tmdb.org/t/p/w200/r7vmZjiyZw9rpJMQJdXpjgiCOk9.jpg
The Hundred-Foot Journey,2014-08-08,Romantic Comedy,PG,54235441,55961409,https://image.tmdb.org/t/p/w200/1vFhSr7INoulu18smHqicft05i8.jpg
"Alexander and the Terrible, Horrible,…",2014-10-10,Comedy,PG,66954149,69055550,https://image.tmdb.org/t/p/w200/pxbAepXQjsGFDHaR3dPndFSxDU0.jpg
Big Hero 6,2014-11-07,Adventure,PG,222527828,229249222,https://image.tmdb.org/t/p/w200/2mxS4wUimwlLmI1xp6QW6NSU361.jpg
Into the Woods,2014-12-25,Musical,PG,128002372,130894237,
Strange Magic,2015-01-23,Adventure,PG,12429583,12429583,https://image.tmdb.org/t/p/w200/vjCdrK8gGRFnyuZb1j9BzgN2RaY.jpg
"McFarland, USA",2015-02-20,Drama,PG,44480275,44480275,https://image.tmdb.org/t/p/w200/yyhniD8A7Mv6SOn8oo1Ba2K0mKc.jpg
Cinderella,2015-03-13,Drama,PG,201151353,201151353,https://image.tmdb.org/t/p/w200/j91LJmcWo16CArFOoapsz84bwxb.jpg
Monkey Kingdom,2015-04-17,Documentary,G,16432322,16432322,https://image.tmdb.org/t/p/w200/ngf4XquNwVTm4OFuYcnQAkVyT1H.jpg
Avengers: Age of Ultron,2015-05-01,Action,PG-13,459005868,459005868,https://image.tmdb.org/t/p/w200/4ssDuvEDkSArWEdyBl2X5EHvYKU.jpg
Tomorrowland,2015-05-22,Adventure,PG,93436322,93436322,https://image.tmdb.org/t/p/w200/kziYpr5Nfw60P0My8aj1sgCEqed.jpg
Inside Out,2015-06-19,Adventure,PG,356461711,356461711,https://image.tmdb.org/t/p/w200/2H1TmgdfNtsKlU9jKdeNyYL5y8T.jpg
Ant-Man,2015-07-17,Action,PG-13,180202163,180202163,https://image.tmdb.org/t/p/w200/rQRnQfUl3kfp78nCWq8Ks04vnq1.jpg
Bridge of Spies,2015-10-16,Thriller/Suspense,PG-13,72313754,72313754,https://image.tmdb.org/t/p/w200/fmOOjHAQzxr0c1sfcY4qkiSRBH6.jpg
The Good Dinosaur,2015-11-25,Adventure,PG,123087120,123087120,https://image.tmdb.org/t/p/w200/8RSkxOO80btfKjyiC5ZiTaCHIT8.jpg
Star Wars Ep. VII: The Force Awakens,2015-12-18,Adventure,PG-13,936662225,936662225,
The Finest Hours,2016-01-29,Thriller/Suspense,PG,27569558,27569558,https://image.tmdb.org/t/p/w200/250YNnD82wcR7MDcML4Nt4Bz4pQ.jpg
Zootopia,2016-03-04,Adventure,PG,341268248,341268248,https://image.tmdb.org/t/p/w200/hlK0e0wAQ3VLuJcsfIYPvb4JVud.jpg
The Jungle Book,2016-04-15,Adventure,PG,364001123,364001123,https://image.tmdb.org/t/p/w200/9BgcTVV43dZ8A1TpuXWkuNTXtfI.jpg
A Beautiful Planet,2016-04-29,Documentary,G,7895708,7895708,https://image.tmdb.org/t/p/w200/9naxphfpDgtArLPKnf0dJgGo7bS.jpg
Captain America: Civil War,2016-05-06,Action,PG-13,408084349,408084349,https://image.tmdb.org/t/p/w200/rAGiXaUfPzY7CDEyNKUofk3Kw2e.jpg
Alice Through the Looking Glass,2016-05-27,Adventure,PG,77042381,77042381,https://image.tmdb.org/t/p/w200/kbGamUkYfgKIYIrU8kW5oc0NatZ.jpg
Finding Dory,2016-06-17,Adventure,PG,486295561,486295561,https://image.tmdb.org/t/p/w200/3UVe8NL1E2ZdUZ9EDlKGJY5UzE.jpg
The BFG,2016-07-01,Adventure,PG,55483770,55483770,https://image.tmdb.org/t/p/w200/vssXmCrfCiARkQ0512oG0wjh2h9.jpg
Pete’s Dragon,2016-08-12,Adventure,PG,76233151,76233151,https://image.tmdb.org/t/p/w200/noShGNQKAgMqNanJL5EiZlf6LCp.jpg
The Light Between Oceans,2016-09-02,Drama,PG-13,12545979,12545979,https://image.tmdb.org/t/p/w200/c9S6VKZPllNgdxBUuI3GYJiqcKO.jpg
Queen of Katwe,2016-09-23,Drama,PG,8874389,8874389,https://image.tmdb.org/t/p/w200/m8V2ud6uhV7qH6wEDoQ4Ujw99ji.jpg
Doctor Strange,2016-11-04,Adventure,PG-13,232532923,232532923,https://image.tmdb.org/t/p/w200/xf8PbyQcR5ucXErmZNzdKR0s8ya.jpg
Moana,2016-11-23,Adventure,PG,246082029,246082029,https://image.tmdb.org/t/p/w200/8Kpmnbbb8Rp1wG99thlcZ9JAUqo.jpg
Rogue One: A Star Wars Story,2016-12-16,Adventure,PG-13,529483936,529483936,https://image.tmdb.org/t/p/w200/i0yw1mFbB7sNGHCs7EXZPzFkdA1.jpg
